Analysis & Synthesis report for System_Bus_Final
Tue Sep  8 23:02:36 2026
Quartus Prime Version 24.1std.0 Build 1077 03/04/2025 SC Lite Edition


---------------------
; Table of Contents ;
---------------------
  1. Legal Notice
  2. Analysis & Synthesis Summary
  3. Analysis & Synthesis Settings
  4. Parallel Compilation
  5. Analysis & Synthesis Source Files Read
  6. Analysis & Synthesis Resource Usage Summary
  7. Analysis & Synthesis Resource Utilization by Entity
  8. Analysis & Synthesis RAM Summary
  9. Analysis & Synthesis IP Cores Summary
 10. State Machine - |top_debug|top_bus_system:u_bus|bus_interconnect:interconnect_inst|arbiter_2m_split:arbiter_inst|state
 11. State Machine - |top_debug|top_bus_system:u_bus|master_node:m1_inst|state
 12. State Machine - |top_debug|top_bus_system:u_bus|master_node_uart:m0_inst|ss
 13. State Machine - |top_debug|top_bus_system:u_bus|master_node_uart:m0_inst|cs
 14. State Machine - |top_debug|top_bus_system:u_bus|master_node_uart:m0_inst|rxs
 15. State Machine - |top_debug|top_bus_system:u_bus|master_node_uart:m0_inst|txs
 16. State Machine - |top_debug|top_bus_system:u_bus|master_node_uart:m0_inst|master_node:core|state
 17. State Machine - |top_debug|top_bus_system:u_bus|master_node_uart:m0_inst|uart_tx:tx_inst|state
 18. State Machine - |top_debug|top_bus_system:u_bus|master_node_uart:m0_inst|uart_rx:rx_inst|state
 19. Registers Removed During Synthesis
 20. General Register Statistics
 21. Inverted Register Statistics
 22. Multiplexer Restructuring Statistics (Restructuring Performed)
 23. Source assignments for bus_issp_driver:u_dbg|altsource_probe:u_issp|altsource_probe_body:altsource_probe_body_inst|altsource_probe_impl:\wider_source_gen:wider_source_inst
 24. Source assignments for top_bus_system:u_bus|slave_0_split_4k:s0_inst|altsyncram:s0_ram|altsyncram_glb1:auto_generated
 25. Source assignments for top_bus_system:u_bus|slave_fast_ram:s1_inst|altsyncram:ram_inst|altsyncram_2ib1:auto_generated
 26. Source assignments for top_bus_system:u_bus|slave_fast_ram:s2_inst|altsyncram:ram_inst|altsyncram_shb1:auto_generated
 27. Parameter Settings for User Entity Instance: Top-level Entity: |top_debug
 28. Parameter Settings for User Entity Instance: bus_issp_driver:u_dbg|altsource_probe:u_issp
 29. Parameter Settings for User Entity Instance: top_bus_system:u_bus
 30. Parameter Settings for User Entity Instance: top_bus_system:u_bus|master_node_uart:m0_inst
 31. Parameter Settings for User Entity Instance: top_bus_system:u_bus|master_node_uart:m0_inst|uart_rx:rx_inst
 32. Parameter Settings for User Entity Instance: top_bus_system:u_bus|master_node_uart:m0_inst|uart_tx:tx_inst
 33. Parameter Settings for User Entity Instance: top_bus_system:u_bus|slave_0_split_4k:s0_inst|altsyncram:s0_ram
 34. Parameter Settings for User Entity Instance: top_bus_system:u_bus|slave_fast_ram:s1_inst
 35. Parameter Settings for User Entity Instance: top_bus_system:u_bus|slave_fast_ram:s1_inst|altsyncram:ram_inst
 36. Parameter Settings for User Entity Instance: top_bus_system:u_bus|slave_fast_ram:s2_inst
 37. Parameter Settings for User Entity Instance: top_bus_system:u_bus|slave_fast_ram:s2_inst|altsyncram:ram_inst
 38. altsyncram Parameter Settings by Entity Instance
 39. Port Connectivity Checks: "top_bus_system:u_bus|bus_interconnect:interconnect_inst|address_decoder:decoder_inst"
 40. Port Connectivity Checks: "top_bus_system:u_bus|bus_interconnect:interconnect_inst"
 41. Port Connectivity Checks: "top_bus_system:u_bus|master_node_uart:m0_inst"
 42. Port Connectivity Checks: "bus_issp_driver:u_dbg|altsource_probe:u_issp"
 43. Post-Synthesis Netlist Statistics for Top Partition
 44. Elapsed Time Per Partition
 45. Analysis & Synthesis Messages



----------------
; Legal Notice ;
----------------
Copyright (C) 2025  Altera Corporation. All rights reserved.
Your use of Altera Corporation's design tools, logic functions 
and other software and tools, and any partner logic 
functions, and any output files from any of the foregoing 
(including device programming or simulation files), and any 
associated documentation or information are expressly subject 
to the terms and conditions of the Altera Program License 
Subscription Agreement, the Altera Quartus Prime License Agreement,
the Altera IP License Agreement, or other applicable license
agreement, including, without limitation, that your use is for
the sole purpose of programming logic devices manufactured by
Altera and sold by Altera or its authorized distributors.  Please
refer to the Altera Software License Subscription Agreements 
on the Quartus Prime software download page.



+--------------------------------------------------------------------------------------+
; Analysis & Synthesis Summary                                                         ;
+------------------------------------+-------------------------------------------------+
; Analysis & Synthesis Status        ; Successful - Tue Sep  8 23:02:36 2026           ;
; Quartus Prime Version              ; 24.1std.0 Build 1077 03/04/2025 SC Lite Edition ;
; Revision Name                      ; System_Bus_Final                                ;
; Top-level Entity Name              ; top_debug                                       ;
; Family                             ; Cyclone IV E                                    ;
; Total logic elements               ; 1,067                                           ;
;     Total combinational functions  ; 734                                             ;
;     Dedicated logic registers      ; 804                                             ;
; Total registers                    ; 804                                             ;
; Total pins                         ; 12                                              ;
; Total virtual pins                 ; 0                                               ;
; Total memory bits                  ; 81,920                                          ;
; Embedded Multiplier 9-bit elements ; 0                                               ;
; Total PLLs                         ; 0                                               ;
+------------------------------------+-------------------------------------------------+


+------------------------------------------------------------------------------------------------------------+
; Analysis & Synthesis Settings                                                                              ;
+------------------------------------------------------------------+--------------------+--------------------+
; Option                                                           ; Setting            ; Default Value      ;
+------------------------------------------------------------------+--------------------+--------------------+
; Device                                                           ; EP4CE115F29C7      ;                    ;
; Top-level entity name                                            ; top_debug          ; System_Bus_Final   ;
; Family name                                                      ; Cyclone IV E       ; Cyclone V          ;
; Use smart compilation                                            ; Off                ; Off                ;
; Enable parallel Assembler and Timing Analyzer during compilation ; On                 ; On                 ;
; Enable compact report table                                      ; Off                ; Off                ;
; Restructure Multiplexers                                         ; Auto               ; Auto               ;
; Create Debugging Nodes for IP Cores                              ; Off                ; Off                ;
; Preserve fewer node names                                        ; On                 ; On                 ;
; Intel FPGA IP Evaluation Mode                                    ; Enable             ; Enable             ;
; Verilog Version                                                  ; Verilog_2001       ; Verilog_2001       ;
; VHDL Version                                                     ; VHDL_1993          ; VHDL_1993          ;
; State Machine Processing                                         ; Auto               ; Auto               ;
; Safe State Machine                                               ; Off                ; Off                ;
; Extract Verilog State Machines                                   ; On                 ; On                 ;
; Extract VHDL State Machines                                      ; On                 ; On                 ;
; Ignore Verilog initial constructs                                ; Off                ; Off                ;
; Iteration limit for constant Verilog loops                       ; 5000               ; 5000               ;
; Iteration limit for non-constant Verilog loops                   ; 250                ; 250                ;
; Add Pass-Through Logic to Inferred RAMs                          ; On                 ; On                 ;
; Infer RAMs from Raw Logic                                        ; On                 ; On                 ;
; Parallel Synthesis                                               ; On                 ; On                 ;
; DSP Block Balancing                                              ; Auto               ; Auto               ;
; NOT Gate Push-Back                                               ; On                 ; On                 ;
; Power-Up Don't Care                                              ; On                 ; On                 ;
; Remove Redundant Logic Cells                                     ; Off                ; Off                ;
; Remove Duplicate Registers                                       ; On                 ; On                 ;
; Ignore CARRY Buffers                                             ; Off                ; Off                ;
; Ignore CASCADE Buffers                                           ; Off                ; Off                ;
; Ignore GLOBAL Buffers                                            ; Off                ; Off                ;
; Ignore ROW GLOBAL Buffers                                        ; Off                ; Off                ;
; Ignore LCELL Buffers                                             ; Off                ; Off                ;
; Ignore SOFT Buffers                                              ; On                 ; On                 ;
; Limit AHDL Integers to 32 Bits                                   ; Off                ; Off                ;
; Optimization Technique                                           ; Balanced           ; Balanced           ;
; Carry Chain Length                                               ; 70                 ; 70                 ;
; Auto Carry Chains                                                ; On                 ; On                 ;
; Auto Open-Drain Pins                                             ; On                 ; On                 ;
; Perform WYSIWYG Primitive Resynthesis                            ; Off                ; Off                ;
; Auto ROM Replacement                                             ; On                 ; On                 ;
; Auto RAM Replacement                                             ; On                 ; On                 ;
; Auto DSP Block Replacement                                       ; On                 ; On                 ;
; Auto Shift Register Replacement                                  ; Auto               ; Auto               ;
; Allow Shift Register Merging across Hierarchies                  ; Auto               ; Auto               ;
; Auto Clock Enable Replacement                                    ; On                 ; On                 ;
; Strict RAM Replacement                                           ; Off                ; Off                ;
; Allow Synchronous Control Signals                                ; On                 ; On                 ;
; Force Use of Synchronous Clear Signals                           ; Off                ; Off                ;
; Auto RAM Block Balancing                                         ; On                 ; On                 ;
; Auto RAM to Logic Cell Conversion                                ; Off                ; Off                ;
; Auto Resource Sharing                                            ; Off                ; Off                ;
; Allow Any RAM Size For Recognition                               ; Off                ; Off                ;
; Allow Any ROM Size For Recognition                               ; Off                ; Off                ;
; Allow Any Shift Register Size For Recognition                    ; Off                ; Off                ;
; Use LogicLock Constraints during Resource Balancing              ; On                 ; On                 ;
; Ignore translate_off and synthesis_off directives                ; Off                ; Off                ;
; Timing-Driven Synthesis                                          ; On                 ; On                 ;
; Report Parameter Settings                                        ; On                 ; On                 ;
; Report Source Assignments                                        ; On                 ; On                 ;
; Report Connectivity Checks                                       ; On                 ; On                 ;
; Ignore Maximum Fan-Out Assignments                               ; Off                ; Off                ;
; Synchronization Register Chain Length                            ; 2                  ; 2                  ;
; Power Optimization During Synthesis                              ; Normal compilation ; Normal compilation ;
; HDL message level                                                ; Level2             ; Level2             ;
; Suppress Register Optimization Related Messages                  ; Off                ; Off                ;
; Number of Removed Registers Reported in Synthesis Report         ; 5000               ; 5000               ;
; Number of Swept Nodes Reported in Synthesis Report               ; 5000               ; 5000               ;
; Number of Inverted Registers Reported in Synthesis Report        ; 100                ; 100                ;
; Clock MUX Protection                                             ; On                 ; On                 ;
; Auto Gated Clock Conversion                                      ; Off                ; Off                ;
; Block Design Naming                                              ; Auto               ; Auto               ;
; SDC constraint protection                                        ; Off                ; Off                ;
; Synthesis Effort                                                 ; Auto               ; Auto               ;
; Shift Register Replacement - Allow Asynchronous Clear Signal     ; On                 ; On                 ;
; Pre-Mapping Resynthesis Optimization                             ; Off                ; Off                ;
; Analysis & Synthesis Message Level                               ; Medium             ; Medium             ;
; Disable Register Merging Across Hierarchies                      ; Auto               ; Auto               ;
; Resource Aware Inference For Block RAM                           ; On                 ; On                 ;
+------------------------------------------------------------------+--------------------+--------------------+


+------------------------------------------+
; Parallel Compilation                     ;
+----------------------------+-------------+
; Processors                 ; Number      ;
+----------------------------+-------------+
; Number detected on machine ; 12          ;
; Maximum allowed            ; 10          ;
;                            ;             ;
; Average used               ; 1.00        ;
; Maximum used               ; 10          ;
;                            ;             ;
; Usage by Processor         ; % Time Used ;
;     Processor 1            ; 100.0%      ;
;     Processor 2            ;   0.0%      ;
;     Processor 3            ;   0.0%      ;
;     Processor 4            ;   0.0%      ;
;     Processor 5            ;   0.0%      ;
;     Processor 6            ;   0.0%      ;
;     Processor 7            ;   0.0%      ;
;     Processor 8            ;   0.0%      ;
;     Processors 9-10        ;   0.0%      ;
+----------------------------+-------------+


+-----------------------------------------------------------------------------------------------------------------------------------------------------------------------------------------------------------------------------------------------------------------------------------------+
; Analysis & Synthesis Source Files Read                                                                                                                                                                                                                                                  ;
+--------------------------------------------------------------------+-----------------+----------------------------------------------+-------------------------------------------------------------------------------------------------------------------------------------+-------------+
; File Name with User-Entered Path                                   ; Used in Netlist ; File Type                                    ; File Name with Absolute Path                                                                                                        ; Library     ;
+--------------------------------------------------------------------+-----------------+----------------------------------------------+-------------------------------------------------------------------------------------------------------------------------------------+-------------+
; address_decoder.v                                                  ; yes             ; User Verilog HDL File                        ; /home/rajinthan/Workspace/Git/System_Bus_Design/System_Bus_Final/address_decoder.v                                                  ;             ;
; arbiter_2m_split.v                                                 ; yes             ; User Verilog HDL File                        ; /home/rajinthan/Workspace/Git/System_Bus_Design/System_Bus_Final/arbiter_2m_split.v                                                 ;             ;
; master_node.v                                                      ; yes             ; User Verilog HDL File                        ; /home/rajinthan/Workspace/Git/System_Bus_Design/System_Bus_Final/master_node.v                                                      ;             ;
; master_node_uart.v                                                 ; yes             ; User Verilog HDL File                        ; /home/rajinthan/Workspace/Git/System_Bus_Design/System_Bus_Final/master_node_uart.v                                                 ;             ;
; slave_0_split_4k.v                                                 ; yes             ; User Verilog HDL File                        ; /home/rajinthan/Workspace/Git/System_Bus_Design/System_Bus_Final/slave_0_split_4k.v                                                 ;             ;
; slave_fast_ram.v                                                   ; yes             ; User Verilog HDL File                        ; /home/rajinthan/Workspace/Git/System_Bus_Design/System_Bus_Final/slave_fast_ram.v                                                   ;             ;
; top_bus_system.v                                                   ; yes             ; User Verilog HDL File                        ; /home/rajinthan/Workspace/Git/System_Bus_Design/System_Bus_Final/top_bus_system.v                                                   ;             ;
; uart_tx.v                                                          ; yes             ; User Verilog HDL File                        ; /home/rajinthan/Workspace/Git/System_Bus_Design/System_Bus_Final/uart_tx.v                                                          ;             ;
; uart_rx.v                                                          ; yes             ; User Verilog HDL File                        ; /home/rajinthan/Workspace/Git/System_Bus_Design/System_Bus_Final/uart_rx.v                                                          ;             ;
; bus_interconnect.v                                                 ; yes             ; User Verilog HDL File                        ; /home/rajinthan/Workspace/Git/System_Bus_Design/System_Bus_Final/bus_interconnect.v                                                 ;             ;
; bus_issp_driver.v                                                  ; yes             ; User Verilog HDL File                        ; /home/rajinthan/Workspace/Git/System_Bus_Design/System_Bus_Final/bus_issp_driver.v                                                  ;             ;
; top_debug.v                                                        ; yes             ; User Verilog HDL File                        ; /home/rajinthan/Workspace/Git/System_Bus_Design/System_Bus_Final/top_debug.v                                                        ;             ;
; altsource_probe.v                                                  ; yes             ; Megafunction                                 ; /home/rajinthan/programs/intelFPGA_lite/24.1std/quartus/libraries/megafunctions/altsource_probe.v                                   ;             ;
; sld_jtag_endpoint_adapter.vhd                                      ; yes             ; Encrypted Megafunction                       ; /home/rajinthan/programs/intelFPGA_lite/24.1std/quartus/libraries/megafunctions/sld_jtag_endpoint_adapter.vhd                       ;             ;
; sld_jtag_endpoint_adapter_impl.sv                                  ; yes             ; Encrypted Megafunction                       ; /home/rajinthan/programs/intelFPGA_lite/24.1std/quartus/libraries/megafunctions/sld_jtag_endpoint_adapter_impl.sv                   ;             ;
; altsource_probe_body.vhd                                           ; yes             ; Megafunction                                 ; /home/rajinthan/programs/intelFPGA_lite/24.1std/quartus/libraries/megafunctions/altsource_probe_body.vhd                            ;             ;
; sld_rom_sr.vhd                                                     ; yes             ; Encrypted Megafunction                       ; /home/rajinthan/programs/intelFPGA_lite/24.1std/quartus/libraries/megafunctions/sld_rom_sr.vhd                                      ;             ;
; altsyncram.tdf                                                     ; yes             ; Megafunction                                 ; /home/rajinthan/programs/intelFPGA_lite/24.1std/quartus/libraries/megafunctions/altsyncram.tdf                                      ;             ;
; stratix_ram_block.inc                                              ; yes             ; Megafunction                                 ; /home/rajinthan/programs/intelFPGA_lite/24.1std/quartus/libraries/megafunctions/stratix_ram_block.inc                               ;             ;
; lpm_mux.inc                                                        ; yes             ; Megafunction                                 ; /home/rajinthan/programs/intelFPGA_lite/24.1std/quartus/libraries/megafunctions/lpm_mux.inc                                         ;             ;
; lpm_decode.inc                                                     ; yes             ; Megafunction                                 ; /home/rajinthan/programs/intelFPGA_lite/24.1std/quartus/libraries/megafunctions/lpm_decode.inc                                      ;             ;
; aglobal241.inc                                                     ; yes             ; Megafunction                                 ; /home/rajinthan/programs/intelFPGA_lite/24.1std/quartus/libraries/megafunctions/aglobal241.inc                                      ;             ;
; a_rdenreg.inc                                                      ; yes             ; Megafunction                                 ; /home/rajinthan/programs/intelFPGA_lite/24.1std/quartus/libraries/megafunctions/a_rdenreg.inc                                       ;             ;
; altrom.inc                                                         ; yes             ; Megafunction                                 ; /home/rajinthan/programs/intelFPGA_lite/24.1std/quartus/libraries/megafunctions/altrom.inc                                          ;             ;
; altram.inc                                                         ; yes             ; Megafunction                                 ; /home/rajinthan/programs/intelFPGA_lite/24.1std/quartus/libraries/megafunctions/altram.inc                                          ;             ;
; altdpram.inc                                                       ; yes             ; Megafunction                                 ; /home/rajinthan/programs/intelFPGA_lite/24.1std/quartus/libraries/megafunctions/altdpram.inc                                        ;             ;
; db/altsyncram_glb1.tdf                                             ; yes             ; Auto-Generated Megafunction                  ; /home/rajinthan/Workspace/Git/System_Bus_Design/System_Bus_Final/db/altsyncram_glb1.tdf                                             ;             ;
; db/altsyncram_2ib1.tdf                                             ; yes             ; Auto-Generated Megafunction                  ; /home/rajinthan/Workspace/Git/System_Bus_Design/System_Bus_Final/db/altsyncram_2ib1.tdf                                             ;             ;
; db/altsyncram_shb1.tdf                                             ; yes             ; Auto-Generated Megafunction                  ; /home/rajinthan/Workspace/Git/System_Bus_Design/System_Bus_Final/db/altsyncram_shb1.tdf                                             ;             ;
; sld_hub.vhd                                                        ; yes             ; Encrypted Megafunction                       ; /home/rajinthan/programs/intelFPGA_lite/24.1std/quartus/libraries/megafunctions/sld_hub.vhd                                         ; altera_sld  ;
; db/ip/sld355d25ab/alt_sld_fab.v                                    ; yes             ; Encrypted Auto-Found Verilog HDL File        ; /home/rajinthan/Workspace/Git/System_Bus_Design/System_Bus_Final/db/ip/sld355d25ab/alt_sld_fab.v                                    ; alt_sld_fab ;
; db/ip/sld355d25ab/submodules/alt_sld_fab_alt_sld_fab.v             ; yes             ; Encrypted Auto-Found Verilog HDL File        ; /home/rajinthan/Workspace/Git/System_Bus_Design/System_Bus_Final/db/ip/sld355d25ab/submodules/alt_sld_fab_alt_sld_fab.v             ; alt_sld_fab ;
; db/ip/sld355d25ab/submodules/alt_sld_fab_alt_sld_fab_ident.sv      ; yes             ; Auto-Found SystemVerilog HDL File            ; /home/rajinthan/Workspace/Git/System_Bus_Design/System_Bus_Final/db/ip/sld355d25ab/submodules/alt_sld_fab_alt_sld_fab_ident.sv      ; alt_sld_fab ;
; db/ip/sld355d25ab/submodules/alt_sld_fab_alt_sld_fab_presplit.sv   ; yes             ; Encrypted Auto-Found SystemVerilog HDL File  ; /home/rajinthan/Workspace/Git/System_Bus_Design/System_Bus_Final/db/ip/sld355d25ab/submodules/alt_sld_fab_alt_sld_fab_presplit.sv   ; alt_sld_fab ;
; db/ip/sld355d25ab/submodules/alt_sld_fab_alt_sld_fab_sldfabric.vhd ; yes             ; Encrypted Auto-Found VHDL File               ; /home/rajinthan/Workspace/Git/System_Bus_Design/System_Bus_Final/db/ip/sld355d25ab/submodules/alt_sld_fab_alt_sld_fab_sldfabric.vhd ; alt_sld_fab ;
; db/ip/sld355d25ab/submodules/alt_sld_fab_alt_sld_fab_splitter.sv   ; yes             ; Encrypted Auto-Found SystemVerilog HDL File  ; /home/rajinthan/Workspace/Git/System_Bus_Design/System_Bus_Final/db/ip/sld355d25ab/submodules/alt_sld_fab_alt_sld_fab_splitter.sv   ; alt_sld_fab ;
; sld_jtag_hub.vhd                                                   ; yes             ; Encrypted Megafunction                       ; /home/rajinthan/programs/intelFPGA_lite/24.1std/quartus/libraries/megafunctions/sld_jtag_hub.vhd                                    ;             ;
; uart_cmd_inject.v                                                  ; yes             ; User Verilog HDL File                        ; uart_cmd_inject.v                                                                                                                   ;             ;
; slave_uart_tx.v                                                    ; yes             ; User Verilog HDL File                        ; slave_uart_tx.v                                                                                                                     ;             ;
; db/altsyncram_45k1.tdf                                             ; yes             ; Auto-Generated Megafunction                  ; /home/rajinthan/Workspace/Git/System_Bus_Design/System_Bus_Final/db/altsyncram_45k1.tdf                                             ;             ;
+--------------------------------------------------------------------+-----------------+----------------------------------------------+-------------------------------------------------------------------------------------------------------------------------------------+-------------+


+---------------------------------------------------------+
; Analysis & Synthesis Resource Usage Summary             ;
+---------------------------------------------+-----------+
; Resource                                    ; Usage     ;
+---------------------------------------------+-----------+
; Estimated Total logic elements              ; 1,067     ;
;                                             ;           ;
; Total combinational functions               ; 734       ;
; Logic element usage by number of LUT inputs ;           ;
;     -- 4 input functions                    ; 314       ;
;     -- 3 input functions                    ; 223       ;
;     -- <=2 input functions                  ; 197       ;
;                                             ;           ;
; Logic elements by mode                      ;           ;
;     -- normal mode                          ; 659       ;
;     -- arithmetic mode                      ; 75        ;
;                                             ;           ;
; Total registers                             ; 804       ;
;     -- Dedicated logic registers            ; 804       ;
;     -- I/O registers                        ; 0         ;
;                                             ;           ;
; I/O pins                                    ; 12        ;
; Total memory bits                           ; 81920     ;
;                                             ;           ;
; Embedded Multiplier 9-bit elements          ; 0         ;
;                                             ;           ;
; Maximum fan-out node                        ; clk~input ;
; Maximum fan-out                             ; 641       ;
; Total fan-out                               ; 5634      ;
; Average fan-out                             ; 3.53      ;
+---------------------------------------------+-----------+


+-------------------------------------------------------------------------------------------------------------------------------------------------------------------------------------------------------------------------------------------------------------------------------------------------------------------------------------------------------------------------------------------------------------------------------------------------------------------------------------------------------------------------------------------------------------------------------------------------------------------------------------------------------------------------------+
; Analysis & Synthesis Resource Utilization by Entity                                                                                                                                                                                                                                                                                                                                                                                                                                                                                                                                                                                                                           ;
+-----------------------------------------------------------------------------------------------------------------------------------------+---------------------+---------------------------+-------------+--------------+---------+-----------+------+--------------+-------------------------------------------------------------------------------------------------------------------------------------------------------------------------------------------------------------------------------------------------------------------------------------------------------------------------------------------------------+-----------------------------------+--------------+
; Compilation Hierarchy Node                                                                                                              ; Combinational ALUTs ; Dedicated Logic Registers ; Memory Bits ; DSP Elements ; DSP 9x9 ; DSP 18x18 ; Pins ; Virtual Pins ; Full Hierarchy Name                                                                                                                                                                                                                                                                                                                                   ; Entity Name                       ; Library Name ;
+-----------------------------------------------------------------------------------------------------------------------------------------+---------------------+---------------------------+-------------+--------------+---------+-----------+------+--------------+-------------------------------------------------------------------------------------------------------------------------------------------------------------------------------------------------------------------------------------------------------------------------------------------------------------------------------------------------------+-----------------------------------+--------------+
; |top_debug                                                                                                                              ; 734 (2)             ; 804 (0)                   ; 81920       ; 0            ; 0       ; 0         ; 12   ; 0            ; |top_debug                                                                                                                                                                                                                                                                                                                                            ; top_debug                         ; work         ;
;    |bus_issp_driver:u_dbg|                                                                                                              ; 161 (35)            ; 251 (42)                  ; 0           ; 0            ; 0       ; 0         ; 0    ; 0            ; |top_debug|bus_issp_driver:u_dbg                                                                                                                                                                                                                                                                                                                      ; bus_issp_driver                   ; work         ;
;       |altsource_probe:u_issp|                                                                                                          ; 126 (0)             ; 209 (0)                   ; 0           ; 0            ; 0       ; 0         ; 0    ; 0            ; |top_debug|bus_issp_driver:u_dbg|altsource_probe:u_issp                                                                                                                                                                                                                                                                                               ; altsource_probe                   ; work         ;
;          |altsource_probe_body:altsource_probe_body_inst|                                                                               ; 126 (2)             ; 209 (0)                   ; 0           ; 0            ; 0       ; 0         ; 0    ; 0            ; |top_debug|bus_issp_driver:u_dbg|altsource_probe:u_issp|altsource_probe_body:altsource_probe_body_inst                                                                                                                                                                                                                                                ; altsource_probe_body              ; work         ;
;             |altsource_probe_impl:\wider_source_gen:wider_source_inst|                                                                  ; 124 (107)           ; 209 (201)                 ; 0           ; 0            ; 0       ; 0         ; 0    ; 0            ; |top_debug|bus_issp_driver:u_dbg|altsource_probe:u_issp|altsource_probe_body:altsource_probe_body_inst|altsource_probe_impl:\wider_source_gen:wider_source_inst                                                                                                                                                                                       ; altsource_probe_impl              ; work         ;
;                |sld_rom_sr:\instance_id_gen:rom_info_inst|                                                                              ; 17 (17)             ; 8 (8)                     ; 0           ; 0            ; 0       ; 0         ; 0    ; 0            ; |top_debug|bus_issp_driver:u_dbg|altsource_probe:u_issp|altsource_probe_body:altsource_probe_body_inst|altsource_probe_impl:\wider_source_gen:wider_source_inst|sld_rom_sr:\instance_id_gen:rom_info_inst                                                                                                                                             ; sld_rom_sr                        ; work         ;
;    |sld_hub:auto_hub|                                                                                                                   ; 115 (1)             ; 78 (0)                    ; 0           ; 0            ; 0       ; 0         ; 0    ; 0            ; |top_debug|sld_hub:auto_hub                                                                                                                                                                                                                                                                                                                           ; sld_hub                           ; altera_sld   ;
;       |alt_sld_fab_with_jtag_input:\instrumentation_fabric_with_node_gen:fabric_gen_new_way:with_jtag_input_gen:instrumentation_fabric| ; 114 (0)             ; 78 (0)                    ; 0           ; 0            ; 0       ; 0         ; 0    ; 0            ; |top_debug|sld_hub:auto_hub|alt_sld_fab_with_jtag_input:\instrumentation_fabric_with_node_gen:fabric_gen_new_way:with_jtag_input_gen:instrumentation_fabric                                                                                                                                                                                           ; alt_sld_fab_with_jtag_input       ; altera_sld   ;
;          |alt_sld_fab:instrumentation_fabric|                                                                                           ; 114 (0)             ; 78 (0)                    ; 0           ; 0            ; 0       ; 0         ; 0    ; 0            ; |top_debug|sld_hub:auto_hub|alt_sld_fab_with_jtag_input:\instrumentation_fabric_with_node_gen:fabric_gen_new_way:with_jtag_input_gen:instrumentation_fabric|alt_sld_fab:instrumentation_fabric                                                                                                                                                        ; alt_sld_fab                       ; alt_sld_fab  ;
;             |alt_sld_fab_alt_sld_fab:alt_sld_fab|                                                                                       ; 114 (1)             ; 78 (5)                    ; 0           ; 0            ; 0       ; 0         ; 0    ; 0            ; |top_debug|sld_hub:auto_hub|alt_sld_fab_with_jtag_input:\instrumentation_fabric_with_node_gen:fabric_gen_new_way:with_jtag_input_gen:instrumentation_fabric|alt_sld_fab:instrumentation_fabric|alt_sld_fab_alt_sld_fab:alt_sld_fab                                                                                                                    ; alt_sld_fab_alt_sld_fab           ; alt_sld_fab  ;
;                |alt_sld_fab_alt_sld_fab_sldfabric:sldfabric|                                                                            ; 113 (0)             ; 73 (0)                    ; 0           ; 0            ; 0       ; 0         ; 0    ; 0            ; |top_debug|sld_hub:auto_hub|alt_sld_fab_with_jtag_input:\instrumentation_fabric_with_node_gen:fabric_gen_new_way:with_jtag_input_gen:instrumentation_fabric|alt_sld_fab:instrumentation_fabric|alt_sld_fab_alt_sld_fab:alt_sld_fab|alt_sld_fab_alt_sld_fab_sldfabric:sldfabric                                                                        ; alt_sld_fab_alt_sld_fab_sldfabric ; alt_sld_fab  ;
;                   |sld_jtag_hub:\jtag_hub_gen:real_sld_jtag_hub|                                                                        ; 113 (76)            ; 73 (45)                   ; 0           ; 0            ; 0       ; 0         ; 0    ; 0            ; |top_debug|sld_hub:auto_hub|alt_sld_fab_with_jtag_input:\instrumentation_fabric_with_node_gen:fabric_gen_new_way:with_jtag_input_gen:instrumentation_fabric|alt_sld_fab:instrumentation_fabric|alt_sld_fab_alt_sld_fab:alt_sld_fab|alt_sld_fab_alt_sld_fab_sldfabric:sldfabric|sld_jtag_hub:\jtag_hub_gen:real_sld_jtag_hub                           ; sld_jtag_hub                      ; work         ;
;                      |sld_rom_sr:hub_info_reg|                                                                                          ; 19 (19)             ; 9 (9)                     ; 0           ; 0            ; 0       ; 0         ; 0    ; 0            ; |top_debug|sld_hub:auto_hub|alt_sld_fab_with_jtag_input:\instrumentation_fabric_with_node_gen:fabric_gen_new_way:with_jtag_input_gen:instrumentation_fabric|alt_sld_fab:instrumentation_fabric|alt_sld_fab_alt_sld_fab:alt_sld_fab|alt_sld_fab_alt_sld_fab_sldfabric:sldfabric|sld_jtag_hub:\jtag_hub_gen:real_sld_jtag_hub|sld_rom_sr:hub_info_reg   ; sld_rom_sr                        ; work         ;
;                      |sld_shadow_jsm:shadow_jsm|                                                                                        ; 18 (18)             ; 19 (19)                   ; 0           ; 0            ; 0       ; 0         ; 0    ; 0            ; |top_debug|sld_hub:auto_hub|alt_sld_fab_with_jtag_input:\instrumentation_fabric_with_node_gen:fabric_gen_new_way:with_jtag_input_gen:instrumentation_fabric|alt_sld_fab:instrumentation_fabric|alt_sld_fab_alt_sld_fab:alt_sld_fab|alt_sld_fab_alt_sld_fab_sldfabric:sldfabric|sld_jtag_hub:\jtag_hub_gen:real_sld_jtag_hub|sld_shadow_jsm:shadow_jsm ; sld_shadow_jsm                    ; altera_sld   ;
;    |top_bus_system:u_bus|                                                                                                               ; 456 (0)             ; 475 (1)                   ; 81920       ; 0            ; 0       ; 0         ; 0    ; 0            ; |top_debug|top_bus_system:u_bus                                                                                                                                                                                                                                                                                                                       ; top_bus_system                    ; work         ;
;       |bus_interconnect:interconnect_inst|                                                                                              ; 55 (44)             ; 4 (0)                     ; 0           ; 0            ; 0       ; 0         ; 0    ; 0            ; |top_debug|top_bus_system:u_bus|bus_interconnect:interconnect_inst                                                                                                                                                                                                                                                                                    ; bus_interconnect                  ; work         ;
;          |address_decoder:decoder_inst|                                                                                                 ; 3 (3)               ; 0 (0)                     ; 0           ; 0            ; 0       ; 0         ; 0    ; 0            ; |top_debug|top_bus_system:u_bus|bus_interconnect:interconnect_inst|address_decoder:decoder_inst                                                                                                                                                                                                                                                       ; address_decoder                   ; work         ;
;          |arbiter_2m_split:arbiter_inst|                                                                                                ; 8 (8)               ; 4 (4)                     ; 0           ; 0            ; 0       ; 0         ; 0    ; 0            ; |top_debug|top_bus_system:u_bus|bus_interconnect:interconnect_inst|arbiter_2m_split:arbiter_inst                                                                                                                                                                                                                                                      ; arbiter_2m_split                  ; work         ;
;       |master_node:m1_inst|                                                                                                             ; 20 (20)             ; 62 (62)                   ; 0           ; 0            ; 0       ; 0         ; 0    ; 0            ; |top_debug|top_bus_system:u_bus|master_node:m1_inst                                                                                                                                                                                                                                                                                                   ; master_node                       ; work         ;
;       |master_node_uart:m0_inst|                                                                                                        ; 351 (174)           ; 370 (232)                 ; 0           ; 0            ; 0       ; 0         ; 0    ; 0            ; |top_debug|top_bus_system:u_bus|master_node_uart:m0_inst                                                                                                                                                                                                                                                                                              ; master_node_uart                  ; work         ;
;          |master_node:core|                                                                                                             ; 31 (31)             ; 63 (63)                   ; 0           ; 0            ; 0       ; 0         ; 0    ; 0            ; |top_debug|top_bus_system:u_bus|master_node_uart:m0_inst|master_node:core                                                                                                                                                                                                                                                                             ; master_node                       ; work         ;
;          |uart_rx:rx_inst|                                                                                                              ; 79 (79)             ; 42 (42)                   ; 0           ; 0            ; 0       ; 0         ; 0    ; 0            ; |top_debug|top_bus_system:u_bus|master_node_uart:m0_inst|uart_rx:rx_inst                                                                                                                                                                                                                                                                              ; uart_rx                           ; work         ;
;          |uart_tx:tx_inst|                                                                                                              ; 67 (67)             ; 33 (33)                   ; 0           ; 0            ; 0       ; 0         ; 0    ; 0            ; |top_debug|top_bus_system:u_bus|master_node_uart:m0_inst|uart_tx:tx_inst                                                                                                                                                                                                                                                                              ; uart_tx                           ; work         ;
;       |slave_0_split_4k:s0_inst|                                                                                                        ; 28 (28)             ; 36 (36)                   ; 32768       ; 0            ; 0       ; 0         ; 0    ; 0            ; |top_debug|top_bus_system:u_bus|slave_0_split_4k:s0_inst                                                                                                                                                                                                                                                                                              ; slave_0_split_4k                  ; work         ;
;          |altsyncram:s0_ram|                                                                                                            ; 0 (0)               ; 0 (0)                     ; 32768       ; 0            ; 0       ; 0         ; 0    ; 0            ; |top_debug|top_bus_system:u_bus|slave_0_split_4k:s0_inst|altsyncram:s0_ram                                                                                                                                                                                                                                                                            ; altsyncram                        ; work         ;
;             |altsyncram_glb1:auto_generated|                                                                                            ; 0 (0)               ; 0 (0)                     ; 32768       ; 0            ; 0       ; 0         ; 0    ; 0            ; |top_debug|top_bus_system:u_bus|slave_0_split_4k:s0_inst|altsyncram:s0_ram|altsyncram_glb1:auto_generated                                                                                                                                                                                                                                             ; altsyncram_glb1                   ; work         ;
;       |slave_fast_ram:s1_inst|                                                                                                          ; 1 (1)               ; 1 (1)                     ; 32768       ; 0            ; 0       ; 0         ; 0    ; 0            ; |top_debug|top_bus_system:u_bus|slave_fast_ram:s1_inst                                                                                                                                                                                                                                                                                                ; slave_fast_ram                    ; work         ;
;          |altsyncram:ram_inst|                                                                                                          ; 0 (0)               ; 0 (0)                     ; 32768       ; 0            ; 0       ; 0         ; 0    ; 0            ; |top_debug|top_bus_system:u_bus|slave_fast_ram:s1_inst|altsyncram:ram_inst                                                                                                                                                                                                                                                                            ; altsyncram                        ; work         ;
;             |altsyncram_2ib1:auto_generated|                                                                                            ; 0 (0)               ; 0 (0)                     ; 32768       ; 0            ; 0       ; 0         ; 0    ; 0            ; |top_debug|top_bus_system:u_bus|slave_fast_ram:s1_inst|altsyncram:ram_inst|altsyncram_2ib1:auto_generated                                                                                                                                                                                                                                             ; altsyncram_2ib1                   ; work         ;
;       |slave_fast_ram:s2_inst|                                                                                                          ; 1 (1)               ; 1 (1)                     ; 16384       ; 0            ; 0       ; 0         ; 0    ; 0            ; |top_debug|top_bus_system:u_bus|slave_fast_ram:s2_inst                                                                                                                                                                                                                                                                                                ; slave_fast_ram                    ; work         ;
;          |altsyncram:ram_inst|                                                                                                          ; 0 (0)               ; 0 (0)                     ; 16384       ; 0            ; 0       ; 0         ; 0    ; 0            ; |top_debug|top_bus_system:u_bus|slave_fast_ram:s2_inst|altsyncram:ram_inst                                                                                                                                                                                                                                                                            ; altsyncram                        ; work         ;
;             |altsyncram_shb1:auto_generated|                                                                                            ; 0 (0)               ; 0 (0)                     ; 16384       ; 0            ; 0       ; 0         ; 0    ; 0            ; |top_debug|top_bus_system:u_bus|slave_fast_ram:s2_inst|altsyncram:ram_inst|altsyncram_shb1:auto_generated                                                                                                                                                                                                                                             ; altsyncram_shb1                   ; work         ;
+-----------------------------------------------------------------------------------------------------------------------------------------+---------------------+---------------------------+-------------+--------------+---------+-----------+------+--------------+-------------------------------------------------------------------------------------------------------------------------------------------------------------------------------------------------------------------------------------------------------------------------------------------------------------------------------------------------------+-----------------------------------+--------------+
Note: For table entries with two numbers listed, the numbers in parentheses indicate the number of resources of the given type used by the specific entity alone. The numbers listed outside of parentheses indicate the total resources of the given type used by the specific entity and all of its sub-entities in the hierarchy.


+----------------------------------------------------------------------------------------------------------------------------------------------------------------------------------------------------------------+
; Analysis & Synthesis RAM Summary                                                                                                                                                                               ;
+-----------------------------------------------------------------------------------------------------------+------+------------------+--------------+--------------+--------------+--------------+-------+------+
; Name                                                                                                      ; Type ; Mode             ; Port A Depth ; Port A Width ; Port B Depth ; Port B Width ; Size  ; MIF  ;
+-----------------------------------------------------------------------------------------------------------+------+------------------+--------------+--------------+--------------+--------------+-------+------+
; top_bus_system:u_bus|slave_0_split_4k:s0_inst|altsyncram:s0_ram|altsyncram_glb1:auto_generated|ALTSYNCRAM ; M9K  ; Simple Dual Port ; 4096         ; 8            ; 4096         ; 8            ; 32768 ; None ;
; top_bus_system:u_bus|slave_fast_ram:s1_inst|altsyncram:ram_inst|altsyncram_2ib1:auto_generated|ALTSYNCRAM ; M9K  ; Single Port      ; 4096         ; 8            ; --           ; --           ; 32768 ; None ;
; top_bus_system:u_bus|slave_fast_ram:s2_inst|altsyncram:ram_inst|altsyncram_shb1:auto_generated|ALTSYNCRAM ; M9K  ; Single Port      ; 2048         ; 8            ; --           ; --           ; 16384 ; None ;
+-----------------------------------------------------------------------------------------------------------+------+------------------+--------------+--------------+--------------+--------------+-------+------+


+------------------------------------------------------------------------------------------------------------------------------------------------------------------------------------------------------------------------------------------------------------------------------------------------------------------------------------------------------------------+
; Analysis & Synthesis IP Cores Summary                                                                                                                                                                                                                                                                                                                            ;
+--------+--------------+---------+--------------+--------------+--------------------------------------------------------------------------------------------------------------------------------------------------------------------------------------------------------------------------------------------------------------------------------+-----------------+
; Vendor ; IP Core Name ; Version ; Release Date ; License Type ; Entity Instance                                                                                                                                                                                                                                                                ; IP Include File ;
+--------+--------------+---------+--------------+--------------+--------------------------------------------------------------------------------------------------------------------------------------------------------------------------------------------------------------------------------------------------------------------------------+-----------------+
; Altera ; Signal Tap   ; N/A     ; N/A          ; Licensed     ; |top_debug|sld_hub:auto_hub|alt_sld_fab_with_jtag_input:\instrumentation_fabric_with_node_gen:fabric_gen_new_way:with_jtag_input_gen:instrumentation_fabric|alt_sld_fab:instrumentation_fabric                                                                                 ;                 ;
; Altera ; Signal Tap   ; N/A     ; N/A          ; Licensed     ; |top_debug|sld_hub:auto_hub|alt_sld_fab_with_jtag_input:\instrumentation_fabric_with_node_gen:fabric_gen_new_way:with_jtag_input_gen:instrumentation_fabric|alt_sld_fab:instrumentation_fabric|alt_sld_fab_alt_sld_fab:alt_sld_fab                                             ;                 ;
; Altera ; Signal Tap   ; N/A     ; N/A          ; Licensed     ; |top_debug|sld_hub:auto_hub|alt_sld_fab_with_jtag_input:\instrumentation_fabric_with_node_gen:fabric_gen_new_way:with_jtag_input_gen:instrumentation_fabric|alt_sld_fab:instrumentation_fabric|alt_sld_fab_alt_sld_fab:alt_sld_fab|alt_sld_fab_alt_sld_fab_presplit:presplit   ;                 ;
; Altera ; Signal Tap   ; N/A     ; N/A          ; Licensed     ; |top_debug|sld_hub:auto_hub|alt_sld_fab_with_jtag_input:\instrumentation_fabric_with_node_gen:fabric_gen_new_way:with_jtag_input_gen:instrumentation_fabric|alt_sld_fab:instrumentation_fabric|alt_sld_fab_alt_sld_fab:alt_sld_fab|alt_sld_fab_alt_sld_fab_sldfabric:sldfabric ;                 ;
; Altera ; Signal Tap   ; N/A     ; N/A          ; Licensed     ; |top_debug|sld_hub:auto_hub|alt_sld_fab_with_jtag_input:\instrumentation_fabric_with_node_gen:fabric_gen_new_way:with_jtag_input_gen:instrumentation_fabric|alt_sld_fab:instrumentation_fabric|alt_sld_fab_alt_sld_fab:alt_sld_fab|alt_sld_fab_alt_sld_fab_splitter:splitter   ;                 ;
+--------+--------------+---------+--------------+--------------+--------------------------------------------------------------------------------------------------------------------------------------------------------------------------------------------------------------------------------------------------------------------------------+-----------------+


Encoding Type:  One-Hot
+------------------------------------------------------------------------------------------------------------------------+
; State Machine - |top_debug|top_bus_system:u_bus|bus_interconnect:interconnect_inst|arbiter_2m_split:arbiter_inst|state ;
+----------------+------------+----------------+-------------------------------------------------------------------------+
; Name           ; state.IDLE ; state.GRANT_M1 ; state.GRANT_M0                                                          ;
+----------------+------------+----------------+-------------------------------------------------------------------------+
; state.IDLE     ; 0          ; 0              ; 0                                                                       ;
; state.GRANT_M0 ; 1          ; 0              ; 1                                                                       ;
; state.GRANT_M1 ; 1          ; 1              ; 0                                                                       ;
+----------------+------------+----------------+-------------------------------------------------------------------------+


Encoding Type:  One-Hot
+------------------------------------------------------------------------------------------------+
; State Machine - |top_debug|top_bus_system:u_bus|master_node:m1_inst|state                      ;
+---------------+------------+---------------+------------+-------------+-----------+------------+
; Name          ; state.DONE ; state.SPLIT_W ; state.WAIT ; state.DRIVE ; state.REQ ; state.IDLE ;
+---------------+------------+---------------+------------+-------------+-----------+------------+
; state.IDLE    ; 0          ; 0             ; 0          ; 0           ; 0         ; 0          ;
; state.REQ     ; 0          ; 0             ; 0          ; 0           ; 1         ; 1          ;
; state.DRIVE   ; 0          ; 0             ; 0          ; 1           ; 0         ; 1          ;
; state.WAIT    ; 0          ; 0             ; 1          ; 0           ; 0         ; 1          ;
; state.SPLIT_W ; 0          ; 1             ; 0          ; 0           ; 0         ; 1          ;
; state.DONE    ; 1          ; 0             ; 0          ; 0           ; 0         ; 1          ;
+---------------+------------+---------------+------------+-------------+-----------+------------+


Encoding Type:  One-Hot
+-----------------------------------------------------------------------------+
; State Machine - |top_debug|top_bus_system:u_bus|master_node_uart:m0_inst|ss ;
+-----------+-----------+-----------+-----------------------------------------+
; Name      ; ss.S_IDLE ; ss.S_RESP ; ss.S_EXEC                               ;
+-----------+-----------+-----------+-----------------------------------------+
; ss.S_IDLE ; 0         ; 0         ; 0                                       ;
; ss.S_EXEC ; 1         ; 0         ; 1                                       ;
; ss.S_RESP ; 1         ; 1         ; 0                                       ;
+-----------+-----------+-----------+-----------------------------------------+


Encoding Type:  One-Hot
+-----------------------------------------------------------------------------+
; State Machine - |top_debug|top_bus_system:u_bus|master_node_uart:m0_inst|cs ;
+-----------+-----------+-----------+-----------------------------------------+
; Name      ; cs.C_IDLE ; cs.C_WAIT ; cs.C_SEND                               ;
+-----------+-----------+-----------+-----------------------------------------+
; cs.C_IDLE ; 0         ; 0         ; 0                                       ;
; cs.C_SEND ; 1         ; 0         ; 1                                       ;
; cs.C_WAIT ; 1         ; 1         ; 0                                       ;
+-----------+-----------+-----------+-----------------------------------------+


Encoding Type:  One-Hot
+------------------------------------------------------------------------------+
; State Machine - |top_debug|top_bus_system:u_bus|master_node_uart:m0_inst|rxs ;
+------------+-----------+------------+----------------------------------------+
; Name       ; rxs.R_TAG ; rxs.R_RESP ; rxs.R_REQ                              ;
+------------+-----------+------------+----------------------------------------+
; rxs.R_TAG  ; 0         ; 0          ; 0                                      ;
; rxs.R_REQ  ; 1         ; 0          ; 1                                      ;
; rxs.R_RESP ; 1         ; 1          ; 0                                      ;
+------------+-----------+------------+----------------------------------------+


Encoding Type:  One-Hot
+------------------------------------------------------------------------------+
; State Machine - |top_debug|top_bus_system:u_bus|master_node_uart:m0_inst|txs ;
+--------------+--------------+--------------+---------------------------------+
; Name         ; txs.TXS_IDLE ; txs.TXS_WAIT ; txs.TXS_SEND                    ;
+--------------+--------------+--------------+---------------------------------+
; txs.TXS_IDLE ; 0            ; 0            ; 0                               ;
; txs.TXS_SEND ; 1            ; 0            ; 1                               ;
; txs.TXS_WAIT ; 1            ; 1            ; 0                               ;
+--------------+--------------+--------------+---------------------------------+


Encoding Type:  One-Hot
+-------------------------------------------------------------------------------------------------+
; State Machine - |top_debug|top_bus_system:u_bus|master_node_uart:m0_inst|master_node:core|state ;
+---------------+------------+---------------+------------+-------------+-----------+-------------+
; Name          ; state.DONE ; state.SPLIT_W ; state.WAIT ; state.DRIVE ; state.REQ ; state.IDLE  ;
+---------------+------------+---------------+------------+-------------+-----------+-------------+
; state.IDLE    ; 0          ; 0             ; 0          ; 0           ; 0         ; 0           ;
; state.REQ     ; 0          ; 0             ; 0          ; 0           ; 1         ; 1           ;
; state.DRIVE   ; 0          ; 0             ; 0          ; 1           ; 0         ; 1           ;
; state.WAIT    ; 0          ; 0             ; 1          ; 0           ; 0         ; 1           ;
; state.SPLIT_W ; 0          ; 1             ; 0          ; 0           ; 0         ; 1           ;
; state.DONE    ; 1          ; 0             ; 0          ; 0           ; 0         ; 1           ;
+---------------+------------+---------------+------------+-------------+-----------+-------------+


Encoding Type:  One-Hot
+------------------------------------------------------------------------------------------------+
; State Machine - |top_debug|top_bus_system:u_bus|master_node_uart:m0_inst|uart_tx:tx_inst|state ;
+-------------+------------+------------+-------------+------------------------------------------+
; Name        ; state.STOP ; state.DATA ; state.START ; state.IDLE                               ;
+-------------+------------+------------+-------------+------------------------------------------+
; state.IDLE  ; 0          ; 0          ; 0           ; 0                                        ;
; state.START ; 0          ; 0          ; 1           ; 1                                        ;
; state.DATA  ; 0          ; 1          ; 0           ; 1                                        ;
; state.STOP  ; 1          ; 0          ; 0           ; 1                                        ;
+-------------+------------+------------+-------------+------------------------------------------+


Encoding Type:  One-Hot
+------------------------------------------------------------------------------------------------+
; State Machine - |top_debug|top_bus_system:u_bus|master_node_uart:m0_inst|uart_rx:rx_inst|state ;
+-------------+------------+------------+-------------+------------------------------------------+
; Name        ; state.STOP ; state.DATA ; state.START ; state.IDLE                               ;
+-------------+------------+------------+-------------+------------------------------------------+
; state.IDLE  ; 0          ; 0          ; 0           ; 0                                        ;
; state.START ; 0          ; 0          ; 1           ; 1                                        ;
; state.DATA  ; 0          ; 1          ; 0           ; 1                                        ;
; state.STOP  ; 1          ; 0          ; 0           ; 1                                        ;
+-------------+------------+------------+-------------+------------------------------------------+


+----------------------------------------------------------------------------------------------------------------------------------------------------------------------------+
; Registers Removed During Synthesis                                                                                                                                         ;
+--------------------------------------------------------------------------------------------------+-------------------------------------------------------------------------+
; Register name                                                                                    ; Reason for Removal                                                      ;
+--------------------------------------------------------------------------------------------------+-------------------------------------------------------------------------+
; top_bus_system:u_bus|master_node_uart:m0_inst|out_cmd[0]                                         ; Stuck at GND due to stuck port data_in                                  ;
; top_bus_system:u_bus|master_node_uart:m0_inst|tx_len[2]                                          ; Merged with top_bus_system:u_bus|master_node_uart:m0_inst|tx_payload[7] ;
; top_bus_system:u_bus|master_node_uart:m0_inst|tx_payload[0,2,5]                                  ; Merged with top_bus_system:u_bus|master_node_uart:m0_inst|tx_payload[7] ;
; top_bus_system:u_bus|master_node_uart:m0_inst|tx_payload[1,3,4]                                  ; Merged with top_bus_system:u_bus|master_node_uart:m0_inst|tx_payload[6] ;
; top_bus_system:u_bus|master_node_uart:m0_inst|tx_len[1]                                          ; Merged with top_bus_system:u_bus|master_node_uart:m0_inst|tx_payload[6] ;
; top_bus_system:u_bus|master_node_uart:m0_inst|tx_len[0]                                          ; Stuck at GND due to stuck port data_in                                  ;
; top_bus_system:u_bus|slave_0_split_4k:s0_inst|latency_cnt[2]                                     ; Stuck at GND due to stuck port data_in                                  ;
; top_bus_system:u_bus|master_node:m1_inst|state~10                                                ; Lost fanout                                                             ;
; top_bus_system:u_bus|master_node:m1_inst|state~11                                                ; Lost fanout                                                             ;
; top_bus_system:u_bus|master_node:m1_inst|state~12                                                ; Lost fanout                                                             ;
; top_bus_system:u_bus|master_node_uart:m0_inst|master_node:core|state~10                          ; Lost fanout                                                             ;
; top_bus_system:u_bus|master_node_uart:m0_inst|master_node:core|state~11                          ; Lost fanout                                                             ;
; top_bus_system:u_bus|master_node_uart:m0_inst|master_node:core|state~12                          ; Lost fanout                                                             ;
; top_bus_system:u_bus|master_node_uart:m0_inst|uart_tx:tx_inst|state~8                            ; Lost fanout                                                             ;
; top_bus_system:u_bus|master_node_uart:m0_inst|uart_tx:tx_inst|state~9                            ; Lost fanout                                                             ;
; top_bus_system:u_bus|master_node_uart:m0_inst|uart_rx:rx_inst|state~8                            ; Lost fanout                                                             ;
; top_bus_system:u_bus|master_node_uart:m0_inst|uart_rx:rx_inst|state~9                            ; Lost fanout                                                             ;
; top_bus_system:u_bus|master_node:m1_inst|state.SPLIT_W                                           ; Stuck at GND due to stuck port data_in                                  ;
; top_bus_system:u_bus|bus_interconnect:interconnect_inst|arbiter_2m_split:arbiter_inst|state.IDLE ; Lost fanout                                                             ;
; Total Number of Removed Registers = 23                                                           ;                                                                         ;
+--------------------------------------------------------------------------------------------------+-------------------------------------------------------------------------+


+------------------------------------------------------+
; General Register Statistics                          ;
+----------------------------------------------+-------+
; Statistic                                    ; Value ;
+----------------------------------------------+-------+
; Total registers                              ; 804   ;
; Number of registers using Synchronous Clear  ; 52    ;
; Number of registers using Synchronous Load   ; 61    ;
; Number of registers using Asynchronous Clear ; 593   ;
; Number of registers using Asynchronous Load  ; 0     ;
; Number of registers using Clock Enable       ; 498   ;
; Number of registers using Preset             ; 0     ;
+----------------------------------------------+-------+


+-------------------------------------------------------------------------------------------------------------------------------------------------------------------------------------------------------------------------------------------------------------------------------------------------------------------------------------------+
; Inverted Register Statistics                                                                                                                                                                                                                                                                                                              ;
+---------------------------------------------------------------------------------------------------------------------------------------------------------------------------------------------------------------------------------------------------------------------------------------------------------------------------------+---------+
; Inverted Register                                                                                                                                                                                                                                                                                                               ; Fan out ;
+---------------------------------------------------------------------------------------------------------------------------------------------------------------------------------------------------------------------------------------------------------------------------------------------------------------------------------+---------+
; top_bus_system:u_bus|master_node_uart:m0_inst|uart_tx:tx_inst|tx_serial                                                                                                                                                                                                                                                         ; 2       ;
; top_bus_system:u_bus|master_node_uart:m0_inst|uart_rx:rx_inst|rx_sync2                                                                                                                                                                                                                                                          ; 17      ;
; top_bus_system:u_bus|master_node_uart:m0_inst|uart_rx:rx_inst|rx_sync1                                                                                                                                                                                                                                                          ; 1       ;
; sld_hub:auto_hub|alt_sld_fab_with_jtag_input:\instrumentation_fabric_with_node_gen:fabric_gen_new_way:with_jtag_input_gen:instrumentation_fabric|alt_sld_fab:instrumentation_fabric|alt_sld_fab_alt_sld_fab:alt_sld_fab|alt_sld_fab_alt_sld_fab_sldfabric:sldfabric|sld_jtag_hub:\jtag_hub_gen:real_sld_jtag_hub|jtag_ir_reg[2] ; 2       ;
; sld_hub:auto_hub|alt_sld_fab_with_jtag_input:\instrumentation_fabric_with_node_gen:fabric_gen_new_way:with_jtag_input_gen:instrumentation_fabric|alt_sld_fab:instrumentation_fabric|alt_sld_fab_alt_sld_fab:alt_sld_fab|alt_sld_fab_alt_sld_fab_sldfabric:sldfabric|sld_jtag_hub:\jtag_hub_gen:real_sld_jtag_hub|jtag_ir_reg[1] ; 3       ;
; Total number of inverted registers = 5                                                                                                                                                                                                                                                                                          ;         ;
+---------------------------------------------------------------------------------------------------------------------------------------------------------------------------------------------------------------------------------------------------------------------------------------------------------------------------------+---------+


+-----------------------------------------------------------------------------------------------------------------------------------------------------------------------------------------------------------------------------------------------------------------------------------------------------------------------------------------+
; Multiplexer Restructuring Statistics (Restructuring Performed)                                                                                                                                                                                                                                                                          ;
+--------------------+-----------+---------------+----------------------+------------------------+------------+---------------------------------------------------------------------------------------------------------------------------------------------------------------------------------------------------------------------------+
; Multiplexer Inputs ; Bus Width ; Baseline Area ; Area if Restructured ; Saving if Restructured ; Registered ; Example Multiplexer Output                                                                                                                                                                                                ;
+--------------------+-----------+---------------+----------------------+------------------------+------------+---------------------------------------------------------------------------------------------------------------------------------------------------------------------------------------------------------------------------+
; 3:1                ; 14 bits   ; 28 LEs        ; 0 LEs                ; 28 LEs                 ; Yes        ; |top_debug|top_bus_system:u_bus|master_node_uart:m0_inst|master_node:core|m_addr[11]                                                                                                                                      ;
; 3:1                ; 14 bits   ; 28 LEs        ; 0 LEs                ; 28 LEs                 ; Yes        ; |top_debug|top_bus_system:u_bus|master_node:m1_inst|m_addr[8]                                                                                                                                                             ;
; 3:1                ; 8 bits    ; 16 LEs        ; 8 LEs                ; 8 LEs                  ; Yes        ; |top_debug|top_bus_system:u_bus|slave_0_split_4k:s0_inst|dout[7]                                                                                                                                                          ;
; 3:1                ; 2 bits    ; 4 LEs         ; 4 LEs                ; 0 LEs                  ; Yes        ; |top_debug|top_bus_system:u_bus|slave_0_split_4k:s0_inst|just_completed                                                                                                                                                   ;
; 3:1                ; 8 bits    ; 16 LEs        ; 0 LEs                ; 16 LEs                 ; Yes        ; |top_debug|top_bus_system:u_bus|master_node_uart:m0_inst|master_node:core|cmd_rdata[1]                                                                                                                                    ;
; 3:1                ; 2 bits    ; 4 LEs         ; 2 LEs                ; 2 LEs                  ; Yes        ; |top_debug|top_bus_system:u_bus|master_node_uart:m0_inst|tx_payload[6]                                                                                                                                                    ;
; 3:1                ; 16 bits   ; 32 LEs        ; 16 LEs               ; 16 LEs                 ; Yes        ; |top_debug|top_bus_system:u_bus|master_node_uart:m0_inst|tx_payload[21]                                                                                                                                                   ;
; 3:1                ; 7 bits    ; 14 LEs        ; 7 LEs                ; 7 LEs                  ; Yes        ; |top_debug|top_bus_system:u_bus|master_node_uart:m0_inst|tx_payload[14]                                                                                                                                                   ;
; 3:1                ; 12 bits   ; 24 LEs        ; 12 LEs               ; 12 LEs                 ; Yes        ; |top_debug|bus_issp_driver:u_dbg|altsource_probe:u_issp|altsource_probe_body:altsource_probe_body_inst|altsource_probe_impl:\wider_source_gen:wider_source_inst|shift_reg[41]                                             ;
; 3:1                ; 8 bits    ; 16 LEs        ; 8 LEs                ; 8 LEs                  ; Yes        ; |top_debug|bus_issp_driver:u_dbg|m0_lat[4]                                                                                                                                                                                ;
; 3:1                ; 8 bits    ; 16 LEs        ; 8 LEs                ; 8 LEs                  ; Yes        ; |top_debug|bus_issp_driver:u_dbg|m1_lat[5]                                                                                                                                                                                ;
; 3:1                ; 8 bits    ; 16 LEs        ; 0 LEs                ; 16 LEs                 ; Yes        ; |top_debug|top_bus_system:u_bus|master_node:m1_inst|cmd_rdata[1]                                                                                                                                                          ;
; 4:1                ; 4 bits    ; 8 LEs         ; 4 LEs                ; 4 LEs                  ; Yes        ; |top_debug|bus_issp_driver:u_dbg|altsource_probe:u_issp|altsource_probe_body:altsource_probe_body_inst|altsource_probe_impl:\wider_source_gen:wider_source_inst|sld_rom_sr:\instance_id_gen:rom_info_inst|word_counter[0] ;
; 4:1                ; 3 bits    ; 6 LEs         ; 6 LEs                ; 0 LEs                  ; Yes        ; |top_debug|top_bus_system:u_bus|slave_0_split_4k:s0_inst|latency_cnt[0]                                                                                                                                                   ;
; 5:1                ; 38 bits   ; 114 LEs       ; 76 LEs               ; 38 LEs                 ; Yes        ; |top_debug|bus_issp_driver:u_dbg|altsource_probe:u_issp|altsource_probe_body:altsource_probe_body_inst|altsource_probe_impl:\wider_source_gen:wider_source_inst|shift_reg[32]                                             ;
; 4:1                ; 26 bits   ; 52 LEs        ; 26 LEs               ; 26 LEs                 ; Yes        ; |top_debug|top_bus_system:u_bus|master_node_uart:m0_inst|txcnt[2]                                                                                                                                                         ;
; 4:1                ; 8 bits    ; 16 LEs        ; 16 LEs               ; 0 LEs                  ; Yes        ; |top_debug|top_bus_system:u_bus|master_node_uart:m0_inst|cmd_rdata[0]                                                                                                                                                     ;
; 5:1                ; 9 bits    ; 27 LEs        ; 9 LEs                ; 18 LEs                 ; Yes        ; |top_debug|top_bus_system:u_bus|master_node_uart:m0_inst|master_node:core|m_wdata[6]                                                                                                                                      ;
; 5:1                ; 9 bits    ; 27 LEs        ; 9 LEs                ; 18 LEs                 ; Yes        ; |top_debug|top_bus_system:u_bus|master_node:m1_inst|m_we                                                                                                                                                                  ;
; 5:1                ; 24 bits   ; 72 LEs        ; 24 LEs               ; 48 LEs                 ; Yes        ; |top_debug|top_bus_system:u_bus|master_node_uart:m0_inst|to_cnt[3]                                                                                                                                                        ;
; 5:1                ; 7 bits    ; 21 LEs        ; 7 LEs                ; 14 LEs                 ; Yes        ; |top_debug|top_bus_system:u_bus|master_node_uart:m0_inst|uart_tx:tx_inst|shifter[2]                                                                                                                                       ;
; 6:1                ; 16 bits   ; 64 LEs        ; 16 LEs               ; 48 LEs                 ; Yes        ; |top_debug|top_bus_system:u_bus|master_node_uart:m0_inst|uart_rx:rx_inst|clk_cnt[15]                                                                                                                                      ;
; 17:1               ; 4 bits    ; 44 LEs        ; 36 LEs               ; 8 LEs                  ; Yes        ; |top_debug|bus_issp_driver:u_dbg|altsource_probe:u_issp|altsource_probe_body:altsource_probe_body_inst|altsource_probe_impl:\wider_source_gen:wider_source_inst|sld_rom_sr:\instance_id_gen:rom_info_inst|WORD_SR[3]      ;
; 3:1                ; 24 bits   ; 48 LEs        ; 48 LEs               ; 0 LEs                  ; No         ; |top_debug|top_bus_system:u_bus|bus_interconnect:interconnect_inst|bus_valid                                                                                                                                              ;
; 3:1                ; 2 bits    ; 4 LEs         ; 4 LEs                ; 0 LEs                  ; No         ; |top_debug|top_bus_system:u_bus|master_node_uart:m0_inst|rxs                                                                                                                                                              ;
; 4:1                ; 8 bits    ; 16 LEs        ; 16 LEs               ; 0 LEs                  ; No         ; |top_debug|top_bus_system:u_bus|bus_interconnect:interconnect_inst|bus_rdata[5]                                                                                                                                           ;
; 6:1                ; 3 bits    ; 12 LEs        ; 6 LEs                ; 6 LEs                  ; No         ; |top_debug|top_bus_system:u_bus|master_node_uart:m0_inst|Selector45                                                                                                                                                       ;
; 6:1                ; 2 bits    ; 8 LEs         ; 4 LEs                ; 4 LEs                  ; No         ; |top_debug|top_bus_system:u_bus|master_node_uart:m0_inst|uart_tx:tx_inst|Selector30                                                                                                                                       ;
; 7:1                ; 3 bits    ; 12 LEs        ; 6 LEs                ; 6 LEs                  ; No         ; |top_debug|top_bus_system:u_bus|master_node_uart:m0_inst|Selector50                                                                                                                                                       ;
; 7:1                ; 2 bits    ; 8 LEs         ; 6 LEs                ; 2 LEs                  ; No         ; |top_debug|top_bus_system:u_bus|master_node:m1_inst|Selector3                                                                                                                                                             ;
; 8:1                ; 2 bits    ; 10 LEs        ; 4 LEs                ; 6 LEs                  ; No         ; |top_debug|top_bus_system:u_bus|master_node_uart:m0_inst|uart_tx:tx_inst|Selector31                                                                                                                                       ;
; 8:1                ; 2 bits    ; 10 LEs        ; 4 LEs                ; 6 LEs                  ; No         ; |top_debug|top_bus_system:u_bus|master_node_uart:m0_inst|uart_rx:rx_inst|Selector22                                                                                                                                       ;
; 8:1                ; 2 bits    ; 10 LEs        ; 4 LEs                ; 6 LEs                  ; No         ; |top_debug|top_bus_system:u_bus|master_node_uart:m0_inst|uart_rx:rx_inst|Selector21                                                                                                                                       ;
; 8:1                ; 2 bits    ; 10 LEs        ; 6 LEs                ; 4 LEs                  ; No         ; |top_debug|top_bus_system:u_bus|master_node_uart:m0_inst|master_node:core|Selector2                                                                                                                                       ;
; 8:1                ; 2 bits    ; 10 LEs        ; 4 LEs                ; 6 LEs                  ; No         ; |top_debug|top_bus_system:u_bus|master_node:m1_inst|Selector1                                                                                                                                                             ;
; 8:1                ; 2 bits    ; 10 LEs        ; 6 LEs                ; 4 LEs                  ; No         ; |top_debug|top_bus_system:u_bus|master_node:m1_inst|Selector4                                                                                                                                                             ;
; 9:1                ; 2 bits    ; 12 LEs        ; 8 LEs                ; 4 LEs                  ; No         ; |top_debug|top_bus_system:u_bus|master_node_uart:m0_inst|master_node:core|Selector5                                                                                                                                       ;
+--------------------+-----------+---------------+----------------------+------------------------+------------+---------------------------------------------------------------------------------------------------------------------------------------------------------------------------------------------------------------------------+


+-----------------------------------------------------------------------------------------------------------------------------------------------------------------------------+
; Source assignments for bus_issp_driver:u_dbg|altsource_probe:u_issp|altsource_probe_body:altsource_probe_body_inst|altsource_probe_impl:\wider_source_gen:wider_source_inst ;
+---------------------------------+------------------------+------+-----------------------------------------------------------------------------------------------------------+
; Assignment                      ; Value                  ; From ; To                                                                                                        ;
+---------------------------------+------------------------+------+-----------------------------------------------------------------------------------------------------------+
; NOT_GATE_PUSH_BACK              ; OFF                    ; -    ; -                                                                                                         ;
; POWER_UP_LEVEL                  ; LOW                    ; -    ; -                                                                                                         ;
; AUTO_SHIFT_REGISTER_RECOGNITION ; OFF                    ; -    ; -                                                                                                         ;
; SYNCHRONIZER_IDENTIFICATION     ; FORCED_IF_ASYNCHRONOUS ; -    ; metastable_l2_reg[0]                                                                                      ;
; AUTO_CLOCK_ENABLE_RECOGNITION   ; OFF                    ; -    ; hold_reg[49]                                                                                              ;
; AUTO_CLOCK_ENABLE_RECOGNITION   ; OFF                    ; -    ; hold_reg[48]                                                                                              ;
; AUTO_CLOCK_ENABLE_RECOGNITION   ; OFF                    ; -    ; hold_reg[47]                                                                                              ;
; AUTO_CLOCK_ENABLE_RECOGNITION   ; OFF                    ; -    ; hold_reg[46]                                                                                              ;
; AUTO_CLOCK_ENABLE_RECOGNITION   ; OFF                    ; -    ; hold_reg[45]                                                                                              ;
; AUTO_CLOCK_ENABLE_RECOGNITION   ; OFF                    ; -    ; hold_reg[44]                                                                                              ;
; AUTO_CLOCK_ENABLE_RECOGNITION   ; OFF                    ; -    ; hold_reg[43]                                                                                              ;
; AUTO_CLOCK_ENABLE_RECOGNITION   ; OFF                    ; -    ; hold_reg[42]                                                                                              ;
; AUTO_CLOCK_ENABLE_RECOGNITION   ; OFF                    ; -    ; hold_reg[41]                                                                                              ;
; AUTO_CLOCK_ENABLE_RECOGNITION   ; OFF                    ; -    ; hold_reg[40]                                                                                              ;
; AUTO_CLOCK_ENABLE_RECOGNITION   ; OFF                    ; -    ; hold_reg[39]                                                                                              ;
; AUTO_CLOCK_ENABLE_RECOGNITION   ; OFF                    ; -    ; hold_reg[38]                                                                                              ;
; AUTO_CLOCK_ENABLE_RECOGNITION   ; OFF                    ; -    ; hold_reg[37]                                                                                              ;
; AUTO_CLOCK_ENABLE_RECOGNITION   ; OFF                    ; -    ; hold_reg[36]                                                                                              ;
; AUTO_CLOCK_ENABLE_RECOGNITION   ; OFF                    ; -    ; hold_reg[35]                                                                                              ;
; AUTO_CLOCK_ENABLE_RECOGNITION   ; OFF                    ; -    ; hold_reg[34]                                                                                              ;
; AUTO_CLOCK_ENABLE_RECOGNITION   ; OFF                    ; -    ; hold_reg[33]                                                                                              ;
; AUTO_CLOCK_ENABLE_RECOGNITION   ; OFF                    ; -    ; hold_reg[32]                                                                                              ;
; AUTO_CLOCK_ENABLE_RECOGNITION   ; OFF                    ; -    ; hold_reg[31]                                                                                              ;
; AUTO_CLOCK_ENABLE_RECOGNITION   ; OFF                    ; -    ; hold_reg[30]                                                                                              ;
; AUTO_CLOCK_ENABLE_RECOGNITION   ; OFF                    ; -    ; hold_reg[29]                                                                                              ;
; AUTO_CLOCK_ENABLE_RECOGNITION   ; OFF                    ; -    ; hold_reg[28]                                                                                              ;
; AUTO_CLOCK_ENABLE_RECOGNITION   ; OFF                    ; -    ; hold_reg[27]                                                                                              ;
; AUTO_CLOCK_ENABLE_RECOGNITION   ; OFF                    ; -    ; hold_reg[26]                                                                                              ;
; AUTO_CLOCK_ENABLE_RECOGNITION   ; OFF                    ; -    ; hold_reg[25]                                                                                              ;
; AUTO_CLOCK_ENABLE_RECOGNITION   ; OFF                    ; -    ; hold_reg[24]                                                                                              ;
; AUTO_CLOCK_ENABLE_RECOGNITION   ; OFF                    ; -    ; hold_reg[23]                                                                                              ;
; AUTO_CLOCK_ENABLE_RECOGNITION   ; OFF                    ; -    ; hold_reg[22]                                                                                              ;
; AUTO_CLOCK_ENABLE_RECOGNITION   ; OFF                    ; -    ; hold_reg[21]                                                                                              ;
; AUTO_CLOCK_ENABLE_RECOGNITION   ; OFF                    ; -    ; hold_reg[20]                                                                                              ;
; AUTO_CLOCK_ENABLE_RECOGNITION   ; OFF                    ; -    ; hold_reg[19]                                                                                              ;
; AUTO_CLOCK_ENABLE_RECOGNITION   ; OFF                    ; -    ; hold_reg[18]                                                                                              ;
; AUTO_CLOCK_ENABLE_RECOGNITION   ; OFF                    ; -    ; hold_reg[17]                                                                                              ;
; AUTO_CLOCK_ENABLE_RECOGNITION   ; OFF                    ; -    ; hold_reg[16]                                                                                              ;
; AUTO_CLOCK_ENABLE_RECOGNITION   ; OFF                    ; -    ; hold_reg[15]                                                                                              ;
; AUTO_CLOCK_ENABLE_RECOGNITION   ; OFF                    ; -    ; hold_reg[14]                                                                                              ;
; AUTO_CLOCK_ENABLE_RECOGNITION   ; OFF                    ; -    ; hold_reg[13]                                                                                              ;
; AUTO_CLOCK_ENABLE_RECOGNITION   ; OFF                    ; -    ; hold_reg[12]                                                                                              ;
; AUTO_CLOCK_ENABLE_RECOGNITION   ; OFF                    ; -    ; hold_reg[11]                                                                                              ;
; AUTO_CLOCK_ENABLE_RECOGNITION   ; OFF                    ; -    ; hold_reg[10]                                                                                              ;
; AUTO_CLOCK_ENABLE_RECOGNITION   ; OFF                    ; -    ; hold_reg[9]                                                                                               ;
; AUTO_CLOCK_ENABLE_RECOGNITION   ; OFF                    ; -    ; hold_reg[8]                                                                                               ;
; AUTO_CLOCK_ENABLE_RECOGNITION   ; OFF                    ; -    ; hold_reg[7]                                                                                               ;
; AUTO_CLOCK_ENABLE_RECOGNITION   ; OFF                    ; -    ; hold_reg[6]                                                                                               ;
; AUTO_CLOCK_ENABLE_RECOGNITION   ; OFF                    ; -    ; hold_reg[5]                                                                                               ;
; AUTO_CLOCK_ENABLE_RECOGNITION   ; OFF                    ; -    ; hold_reg[4]                                                                                               ;
; AUTO_CLOCK_ENABLE_RECOGNITION   ; OFF                    ; -    ; hold_reg[3]                                                                                               ;
; AUTO_CLOCK_ENABLE_RECOGNITION   ; OFF                    ; -    ; hold_reg[2]                                                                                               ;
; AUTO_CLOCK_ENABLE_RECOGNITION   ; OFF                    ; -    ; hold_reg[1]                                                                                               ;
; AUTO_CLOCK_ENABLE_RECOGNITION   ; OFF                    ; -    ; hold_reg[0]                                                                                               ;
; SYNCHRONIZER_IDENTIFICATION     ; FORCED_IF_ASYNCHRONOUS ; -    ; metastable_l2_reg[1]                                                                                      ;
; SYNCHRONIZER_IDENTIFICATION     ; FORCED_IF_ASYNCHRONOUS ; -    ; metastable_l2_reg[2]                                                                                      ;
; SYNCHRONIZER_IDENTIFICATION     ; FORCED_IF_ASYNCHRONOUS ; -    ; metastable_l2_reg[3]                                                                                      ;
; SYNCHRONIZER_IDENTIFICATION     ; FORCED_IF_ASYNCHRONOUS ; -    ; metastable_l2_reg[4]                                                                                      ;
; SYNCHRONIZER_IDENTIFICATION     ; FORCED_IF_ASYNCHRONOUS ; -    ; metastable_l2_reg[5]                                                                                      ;
; SYNCHRONIZER_IDENTIFICATION     ; FORCED_IF_ASYNCHRONOUS ; -    ; metastable_l2_reg[6]                                                                                      ;
; SYNCHRONIZER_IDENTIFICATION     ; FORCED_IF_ASYNCHRONOUS ; -    ; metastable_l2_reg[7]                                                                                      ;
; SYNCHRONIZER_IDENTIFICATION     ; FORCED_IF_ASYNCHRONOUS ; -    ; metastable_l2_reg[8]                                                                                      ;
; SYNCHRONIZER_IDENTIFICATION     ; FORCED_IF_ASYNCHRONOUS ; -    ; metastable_l2_reg[9]                                                                                      ;
; SYNCHRONIZER_IDENTIFICATION     ; FORCED_IF_ASYNCHRONOUS ; -    ; metastable_l2_reg[10]                                                                                     ;
; SYNCHRONIZER_IDENTIFICATION     ; FORCED_IF_ASYNCHRONOUS ; -    ; metastable_l2_reg[11]                                                                                     ;
; SYNCHRONIZER_IDENTIFICATION     ; FORCED_IF_ASYNCHRONOUS ; -    ; metastable_l2_reg[12]                                                                                     ;
; SYNCHRONIZER_IDENTIFICATION     ; FORCED_IF_ASYNCHRONOUS ; -    ; metastable_l2_reg[13]                                                                                     ;
; SYNCHRONIZER_IDENTIFICATION     ; FORCED_IF_ASYNCHRONOUS ; -    ; metastable_l2_reg[14]                                                                                     ;
; SYNCHRONIZER_IDENTIFICATION     ; FORCED_IF_ASYNCHRONOUS ; -    ; metastable_l2_reg[15]                                                                                     ;
; SYNCHRONIZER_IDENTIFICATION     ; FORCED_IF_ASYNCHRONOUS ; -    ; metastable_l2_reg[16]                                                                                     ;
; SYNCHRONIZER_IDENTIFICATION     ; FORCED_IF_ASYNCHRONOUS ; -    ; metastable_l2_reg[17]                                                                                     ;
; SYNCHRONIZER_IDENTIFICATION     ; FORCED_IF_ASYNCHRONOUS ; -    ; metastable_l2_reg[18]                                                                                     ;
; SYNCHRONIZER_IDENTIFICATION     ; FORCED_IF_ASYNCHRONOUS ; -    ; metastable_l2_reg[19]                                                                                     ;
; SYNCHRONIZER_IDENTIFICATION     ; FORCED_IF_ASYNCHRONOUS ; -    ; metastable_l2_reg[20]                                                                                     ;
; SYNCHRONIZER_IDENTIFICATION     ; FORCED_IF_ASYNCHRONOUS ; -    ; metastable_l2_reg[21]                                                                                     ;
; SYNCHRONIZER_IDENTIFICATION     ; FORCED_IF_ASYNCHRONOUS ; -    ; metastable_l2_reg[22]                                                                                     ;
; SYNCHRONIZER_IDENTIFICATION     ; FORCED_IF_ASYNCHRONOUS ; -    ; metastable_l2_reg[23]                                                                                     ;
; SYNCHRONIZER_IDENTIFICATION     ; FORCED_IF_ASYNCHRONOUS ; -    ; metastable_l2_reg[24]                                                                                     ;
; SYNCHRONIZER_IDENTIFICATION     ; FORCED_IF_ASYNCHRONOUS ; -    ; metastable_l2_reg[25]                                                                                     ;
; SYNCHRONIZER_IDENTIFICATION     ; FORCED_IF_ASYNCHRONOUS ; -    ; metastable_l2_reg[26]                                                                                     ;
; SYNCHRONIZER_IDENTIFICATION     ; FORCED_IF_ASYNCHRONOUS ; -    ; metastable_l2_reg[27]                                                                                     ;
; SYNCHRONIZER_IDENTIFICATION     ; FORCED_IF_ASYNCHRONOUS ; -    ; metastable_l2_reg[28]                                                                                     ;
; SYNCHRONIZER_IDENTIFICATION     ; FORCED_IF_ASYNCHRONOUS ; -    ; metastable_l2_reg[29]                                                                                     ;
; SYNCHRONIZER_IDENTIFICATION     ; FORCED_IF_ASYNCHRONOUS ; -    ; metastable_l2_reg[30]                                                                                     ;
; SYNCHRONIZER_IDENTIFICATION     ; FORCED_IF_ASYNCHRONOUS ; -    ; metastable_l2_reg[31]                                                                                     ;
; SYNCHRONIZER_IDENTIFICATION     ; FORCED_IF_ASYNCHRONOUS ; -    ; metastable_l2_reg[32]                                                                                     ;
; SYNCHRONIZER_IDENTIFICATION     ; FORCED_IF_ASYNCHRONOUS ; -    ; metastable_l2_reg[33]                                                                                     ;
; SYNCHRONIZER_IDENTIFICATION     ; FORCED_IF_ASYNCHRONOUS ; -    ; metastable_l2_reg[34]                                                                                     ;
; SYNCHRONIZER_IDENTIFICATION     ; FORCED_IF_ASYNCHRONOUS ; -    ; metastable_l2_reg[35]                                                                                     ;
; SYNCHRONIZER_IDENTIFICATION     ; FORCED_IF_ASYNCHRONOUS ; -    ; metastable_l2_reg[36]                                                                                     ;
; SYNCHRONIZER_IDENTIFICATION     ; FORCED_IF_ASYNCHRONOUS ; -    ; metastable_l2_reg[37]                                                                                     ;
; SYNCHRONIZER_IDENTIFICATION     ; FORCED_IF_ASYNCHRONOUS ; -    ; metastable_l2_reg[38]                                                                                     ;
; SYNCHRONIZER_IDENTIFICATION     ; FORCED_IF_ASYNCHRONOUS ; -    ; metastable_l2_reg[39]                                                                                     ;
; SYNCHRONIZER_IDENTIFICATION     ; FORCED_IF_ASYNCHRONOUS ; -    ; metastable_l2_reg[40]                                                                                     ;
; SYNCHRONIZER_IDENTIFICATION     ; FORCED_IF_ASYNCHRONOUS ; -    ; metastable_l2_reg[41]                                                                                     ;
; SYNCHRONIZER_IDENTIFICATION     ; FORCED_IF_ASYNCHRONOUS ; -    ; metastable_l2_reg[42]                                                                                     ;
; SYNCHRONIZER_IDENTIFICATION     ; FORCED_IF_ASYNCHRONOUS ; -    ; metastable_l2_reg[43]                                                                                     ;
; SYNCHRONIZER_IDENTIFICATION     ; FORCED_IF_ASYNCHRONOUS ; -    ; metastable_l2_reg[44]                                                                                     ;
; SYNCHRONIZER_IDENTIFICATION     ; FORCED_IF_ASYNCHRONOUS ; -    ; metastable_l2_reg[45]                                                                                     ;
; SYNCHRONIZER_IDENTIFICATION     ; FORCED_IF_ASYNCHRONOUS ; -    ; metastable_l2_reg[46]                                                                                     ;
; SYNCHRONIZER_IDENTIFICATION     ; FORCED_IF_ASYNCHRONOUS ; -    ; metastable_l2_reg[47]                                                                                     ;
; SYNCHRONIZER_IDENTIFICATION     ; FORCED_IF_ASYNCHRONOUS ; -    ; metastable_l2_reg[48]                                                                                     ;
; SYNCHRONIZER_IDENTIFICATION     ; FORCED_IF_ASYNCHRONOUS ; -    ; metastable_l2_reg[49]                                                                                     ;
; SYNCHRONIZER_IDENTIFICATION     ; FORCED_IF_ASYNCHRONOUS ; -    ; metastable_l1_reg[0]                                                                                      ;
; SYNCHRONIZER_IDENTIFICATION     ; FORCED_IF_ASYNCHRONOUS ; -    ; metastable_l1_reg[1]                                                                                      ;
; SYNCHRONIZER_IDENTIFICATION     ; FORCED_IF_ASYNCHRONOUS ; -    ; metastable_l1_reg[2]                                                                                      ;
; SYNCHRONIZER_IDENTIFICATION     ; FORCED_IF_ASYNCHRONOUS ; -    ; metastable_l1_reg[3]                                                                                      ;
; SYNCHRONIZER_IDENTIFICATION     ; FORCED_IF_ASYNCHRONOUS ; -    ; metastable_l1_reg[4]                                                                                      ;
; SYNCHRONIZER_IDENTIFICATION     ; FORCED_IF_ASYNCHRONOUS ; -    ; metastable_l1_reg[5]                                                                                      ;
; SYNCHRONIZER_IDENTIFICATION     ; FORCED_IF_ASYNCHRONOUS ; -    ; metastable_l1_reg[6]                                                                                      ;
; SYNCHRONIZER_IDENTIFICATION     ; FORCED_IF_ASYNCHRONOUS ; -    ; metastable_l1_reg[7]                                                                                      ;
; SYNCHRONIZER_IDENTIFICATION     ; FORCED_IF_ASYNCHRONOUS ; -    ; metastable_l1_reg[8]                                                                                      ;
; SYNCHRONIZER_IDENTIFICATION     ; FORCED_IF_ASYNCHRONOUS ; -    ; metastable_l1_reg[9]                                                                                      ;
; SYNCHRONIZER_IDENTIFICATION     ; FORCED_IF_ASYNCHRONOUS ; -    ; metastable_l1_reg[10]                                                                                     ;
; SYNCHRONIZER_IDENTIFICATION     ; FORCED_IF_ASYNCHRONOUS ; -    ; metastable_l1_reg[11]                                                                                     ;
; SYNCHRONIZER_IDENTIFICATION     ; FORCED_IF_ASYNCHRONOUS ; -    ; metastable_l1_reg[12]                                                                                     ;
; SYNCHRONIZER_IDENTIFICATION     ; FORCED_IF_ASYNCHRONOUS ; -    ; metastable_l1_reg[13]                                                                                     ;
; SYNCHRONIZER_IDENTIFICATION     ; FORCED_IF_ASYNCHRONOUS ; -    ; metastable_l1_reg[14]                                                                                     ;
; SYNCHRONIZER_IDENTIFICATION     ; FORCED_IF_ASYNCHRONOUS ; -    ; metastable_l1_reg[15]                                                                                     ;
; SYNCHRONIZER_IDENTIFICATION     ; FORCED_IF_ASYNCHRONOUS ; -    ; metastable_l1_reg[16]                                                                                     ;
; SYNCHRONIZER_IDENTIFICATION     ; FORCED_IF_ASYNCHRONOUS ; -    ; metastable_l1_reg[17]                                                                                     ;
; SYNCHRONIZER_IDENTIFICATION     ; FORCED_IF_ASYNCHRONOUS ; -    ; metastable_l1_reg[18]                                                                                     ;
; SYNCHRONIZER_IDENTIFICATION     ; FORCED_IF_ASYNCHRONOUS ; -    ; metastable_l1_reg[19]                                                                                     ;
; SYNCHRONIZER_IDENTIFICATION     ; FORCED_IF_ASYNCHRONOUS ; -    ; metastable_l1_reg[20]                                                                                     ;
; SYNCHRONIZER_IDENTIFICATION     ; FORCED_IF_ASYNCHRONOUS ; -    ; metastable_l1_reg[21]                                                                                     ;
; SYNCHRONIZER_IDENTIFICATION     ; FORCED_IF_ASYNCHRONOUS ; -    ; metastable_l1_reg[22]                                                                                     ;
; SYNCHRONIZER_IDENTIFICATION     ; FORCED_IF_ASYNCHRONOUS ; -    ; metastable_l1_reg[23]                                                                                     ;
; SYNCHRONIZER_IDENTIFICATION     ; FORCED_IF_ASYNCHRONOUS ; -    ; metastable_l1_reg[24]                                                                                     ;
; SYNCHRONIZER_IDENTIFICATION     ; FORCED_IF_ASYNCHRONOUS ; -    ; metastable_l1_reg[25]                                                                                     ;
; SYNCHRONIZER_IDENTIFICATION     ; FORCED_IF_ASYNCHRONOUS ; -    ; metastable_l1_reg[26]                                                                                     ;
; SYNCHRONIZER_IDENTIFICATION     ; FORCED_IF_ASYNCHRONOUS ; -    ; metastable_l1_reg[27]                                                                                     ;
; SYNCHRONIZER_IDENTIFICATION     ; FORCED_IF_ASYNCHRONOUS ; -    ; metastable_l1_reg[28]                                                                                     ;
; SYNCHRONIZER_IDENTIFICATION     ; FORCED_IF_ASYNCHRONOUS ; -    ; metastable_l1_reg[29]                                                                                     ;
; SYNCHRONIZER_IDENTIFICATION     ; FORCED_IF_ASYNCHRONOUS ; -    ; metastable_l1_reg[30]                                                                                     ;
; SYNCHRONIZER_IDENTIFICATION     ; FORCED_IF_ASYNCHRONOUS ; -    ; metastable_l1_reg[31]                                                                                     ;
; SYNCHRONIZER_IDENTIFICATION     ; FORCED_IF_ASYNCHRONOUS ; -    ; metastable_l1_reg[32]                                                                                     ;
; SYNCHRONIZER_IDENTIFICATION     ; FORCED_IF_ASYNCHRONOUS ; -    ; metastable_l1_reg[33]                                                                                     ;
; SYNCHRONIZER_IDENTIFICATION     ; FORCED_IF_ASYNCHRONOUS ; -    ; metastable_l1_reg[34]                                                                                     ;
; SYNCHRONIZER_IDENTIFICATION     ; FORCED_IF_ASYNCHRONOUS ; -    ; metastable_l1_reg[35]                                                                                     ;
; SYNCHRONIZER_IDENTIFICATION     ; FORCED_IF_ASYNCHRONOUS ; -    ; metastable_l1_reg[36]                                                                                     ;
; SYNCHRONIZER_IDENTIFICATION     ; FORCED_IF_ASYNCHRONOUS ; -    ; metastable_l1_reg[37]                                                                                     ;
; SYNCHRONIZER_IDENTIFICATION     ; FORCED_IF_ASYNCHRONOUS ; -    ; metastable_l1_reg[38]                                                                                     ;
; SYNCHRONIZER_IDENTIFICATION     ; FORCED_IF_ASYNCHRONOUS ; -    ; metastable_l1_reg[39]                                                                                     ;
; SYNCHRONIZER_IDENTIFICATION     ; FORCED_IF_ASYNCHRONOUS ; -    ; metastable_l1_reg[40]                                                                                     ;
; SYNCHRONIZER_IDENTIFICATION     ; FORCED_IF_ASYNCHRONOUS ; -    ; metastable_l1_reg[41]                                                                                     ;
; SYNCHRONIZER_IDENTIFICATION     ; FORCED_IF_ASYNCHRONOUS ; -    ; metastable_l1_reg[42]                                                                                     ;
; SYNCHRONIZER_IDENTIFICATION     ; FORCED_IF_ASYNCHRONOUS ; -    ; metastable_l1_reg[43]                                                                                     ;
; SYNCHRONIZER_IDENTIFICATION     ; FORCED_IF_ASYNCHRONOUS ; -    ; metastable_l1_reg[44]                                                                                     ;
; SYNCHRONIZER_IDENTIFICATION     ; FORCED_IF_ASYNCHRONOUS ; -    ; metastable_l1_reg[45]                                                                                     ;
; SYNCHRONIZER_IDENTIFICATION     ; FORCED_IF_ASYNCHRONOUS ; -    ; metastable_l1_reg[46]                                                                                     ;
; SYNCHRONIZER_IDENTIFICATION     ; FORCED_IF_ASYNCHRONOUS ; -    ; metastable_l1_reg[47]                                                                                     ;
; SYNCHRONIZER_IDENTIFICATION     ; FORCED_IF_ASYNCHRONOUS ; -    ; metastable_l1_reg[48]                                                                                     ;
; SYNCHRONIZER_IDENTIFICATION     ; FORCED_IF_ASYNCHRONOUS ; -    ; metastable_l1_reg[49]                                                                                     ;
+---------------------------------+------------------------+------+-----------------------------------------------------------------------------------------------------------+


+-----------------------------------------------------------------------------------------------------------------------+
; Source assignments for top_bus_system:u_bus|slave_0_split_4k:s0_inst|altsyncram:s0_ram|altsyncram_glb1:auto_generated ;
+---------------------------------+--------------------+------+---------------------------------------------------------+
; Assignment                      ; Value              ; From ; To                                                      ;
+---------------------------------+--------------------+------+---------------------------------------------------------+
; OPTIMIZE_POWER_DURING_SYNTHESIS ; NORMAL_COMPILATION ; -    ; -                                                       ;
+---------------------------------+--------------------+------+---------------------------------------------------------+


+-----------------------------------------------------------------------------------------------------------------------+
; Source assignments for top_bus_system:u_bus|slave_fast_ram:s1_inst|altsyncram:ram_inst|altsyncram_2ib1:auto_generated ;
+---------------------------------+--------------------+------+---------------------------------------------------------+
; Assignment                      ; Value              ; From ; To                                                      ;
+---------------------------------+--------------------+------+---------------------------------------------------------+
; OPTIMIZE_POWER_DURING_SYNTHESIS ; NORMAL_COMPILATION ; -    ; -                                                       ;
+---------------------------------+--------------------+------+---------------------------------------------------------+


+-----------------------------------------------------------------------------------------------------------------------+
; Source assignments for top_bus_system:u_bus|slave_fast_ram:s2_inst|altsyncram:ram_inst|altsyncram_shb1:auto_generated ;
+---------------------------------+--------------------+------+---------------------------------------------------------+
; Assignment                      ; Value              ; From ; To                                                      ;
+---------------------------------+--------------------+------+---------------------------------------------------------+
; OPTIMIZE_POWER_DURING_SYNTHESIS ; NORMAL_COMPILATION ; -    ; -                                                       ;
+---------------------------------+--------------------+------+---------------------------------------------------------+


+---------------------------------------------------------------------------+
; Parameter Settings for User Entity Instance: Top-level Entity: |top_debug ;
+----------------+-------+--------------------------------------------------+
; Parameter Name ; Value ; Type                                             ;
+----------------+-------+--------------------------------------------------+
; CLKS_PER_BIT   ; 434   ; Signed Integer                                   ;
+----------------+-------+--------------------------------------------------+
Note: In order to hide this table in the UI and the text report file, please set the "Show Parameter Settings in Synthesis Report" option in "Analysis and Synthesis Settings -> More Settings" to "Off".


+-------------------------------------------------------------------------------------------+
; Parameter Settings for User Entity Instance: bus_issp_driver:u_dbg|altsource_probe:u_issp ;
+-------------------------+-----------------+-----------------------------------------------+
; Parameter Name          ; Value           ; Type                                          ;
+-------------------------+-----------------+-----------------------------------------------+
; lpm_type                ; altsource_probe ; String                                        ;
; lpm_hint                ; UNUSED          ; String                                        ;
; sld_auto_instance_index ; YES             ; String                                        ;
; sld_instance_index      ; 0               ; Signed Integer                                ;
; SLD_NODE_INFO           ; 4746752         ; Signed Integer                                ;
; sld_ir_width            ; 4               ; Signed Integer                                ;
; instance_id             ; BUS0            ; String                                        ;
; probe_width             ; 38              ; Signed Integer                                ;
; source_width            ; 50              ; Signed Integer                                ;
; source_initial_value    ; 0               ; String                                        ;
; enable_metastability    ; YES             ; String                                        ;
+-------------------------+-----------------+-----------------------------------------------+
Note: In order to hide this table in the UI and the text report file, please set the "Show Parameter Settings in Synthesis Report" option in "Analysis and Synthesis Settings -> More Settings" to "Off".


+-------------------------------------------------------------------+
; Parameter Settings for User Entity Instance: top_bus_system:u_bus ;
+----------------+--------+-----------------------------------------+
; Parameter Name ; Value  ; Type                                    ;
+----------------+--------+-----------------------------------------+
; CLKS_PER_BIT   ; 434    ; Signed Integer                          ;
; RESP_TIMEOUT   ; 500000 ; Signed Integer                          ;
+----------------+--------+-----------------------------------------+
Note: In order to hide this table in the UI and the text report file, please set the "Show Parameter Settings in Synthesis Report" option in "Analysis and Synthesis Settings -> More Settings" to "Off".


+--------------------------------------------------------------------------------------------+
; Parameter Settings for User Entity Instance: top_bus_system:u_bus|master_node_uart:m0_inst ;
+----------------+--------+------------------------------------------------------------------+
; Parameter Name ; Value  ; Type                                                             ;
+----------------+--------+------------------------------------------------------------------+
; CLKS_PER_BIT   ; 434    ; Signed Integer                                                   ;
; RESP_TIMEOUT   ; 500000 ; Signed Integer                                                   ;
+----------------+--------+------------------------------------------------------------------+
Note: In order to hide this table in the UI and the text report file, please set the "Show Parameter Settings in Synthesis Report" option in "Analysis and Synthesis Settings -> More Settings" to "Off".


+------------------------------------------------------------------------------------------------------------+
; Parameter Settings for User Entity Instance: top_bus_system:u_bus|master_node_uart:m0_inst|uart_rx:rx_inst ;
+----------------+-------+-----------------------------------------------------------------------------------+
; Parameter Name ; Value ; Type                                                                              ;
+----------------+-------+-----------------------------------------------------------------------------------+
; CLKS_PER_BIT   ; 434   ; Signed Integer                                                                    ;
+----------------+-------+-----------------------------------------------------------------------------------+
Note: In order to hide this table in the UI and the text report file, please set the "Show Parameter Settings in Synthesis Report" option in "Analysis and Synthesis Settings -> More Settings" to "Off".


+------------------------------------------------------------------------------------------------------------+
; Parameter Settings for User Entity Instance: top_bus_system:u_bus|master_node_uart:m0_inst|uart_tx:tx_inst ;
+----------------+-------+-----------------------------------------------------------------------------------+
; Parameter Name ; Value ; Type                                                                              ;
+----------------+-------+-----------------------------------------------------------------------------------+
; CLKS_PER_BIT   ; 434   ; Signed Integer                                                                    ;
+----------------+-------+-----------------------------------------------------------------------------------+
Note: In order to hide this table in the UI and the text report file, please set the "Show Parameter Settings in Synthesis Report" option in "Analysis and Synthesis Settings -> More Settings" to "Off".


+--------------------------------------------------------------------------------------------------------------+
; Parameter Settings for User Entity Instance: top_bus_system:u_bus|slave_0_split_4k:s0_inst|altsyncram:s0_ram ;
+------------------------------------+----------------------+--------------------------------------------------+
; Parameter Name                     ; Value                ; Type                                             ;
+------------------------------------+----------------------+--------------------------------------------------+
; BYTE_SIZE_BLOCK                    ; 8                    ; Untyped                                          ;
; AUTO_CARRY_CHAINS                  ; ON                   ; AUTO_CARRY                                       ;
; IGNORE_CARRY_BUFFERS               ; OFF                  ; IGNORE_CARRY                                     ;
; AUTO_CASCADE_CHAINS                ; ON                   ; AUTO_CASCADE                                     ;
; IGNORE_CASCADE_BUFFERS             ; OFF                  ; IGNORE_CASCADE                                   ;
; WIDTH_BYTEENA                      ; 1                    ; Untyped                                          ;
; OPERATION_MODE                     ; DUAL_PORT            ; Untyped                                          ;
; WIDTH_A                            ; 8                    ; Signed Integer                                   ;
; WIDTHAD_A                          ; 12                   ; Signed Integer                                   ;
; NUMWORDS_A                         ; 4096                 ; Signed Integer                                   ;
; OUTDATA_REG_A                      ; UNREGISTERED         ; Untyped                                          ;
; ADDRESS_ACLR_A                     ; NONE                 ; Untyped                                          ;
; OUTDATA_ACLR_A                     ; NONE                 ; Untyped                                          ;
; WRCONTROL_ACLR_A                   ; NONE                 ; Untyped                                          ;
; INDATA_ACLR_A                      ; NONE                 ; Untyped                                          ;
; BYTEENA_ACLR_A                     ; NONE                 ; Untyped                                          ;
; WIDTH_B                            ; 8                    ; Signed Integer                                   ;
; WIDTHAD_B                          ; 12                   ; Signed Integer                                   ;
; NUMWORDS_B                         ; 4096                 ; Signed Integer                                   ;
; INDATA_REG_B                       ; CLOCK1               ; Untyped                                          ;
; WRCONTROL_WRADDRESS_REG_B          ; CLOCK1               ; Untyped                                          ;
; RDCONTROL_REG_B                    ; CLOCK1               ; Untyped                                          ;
; ADDRESS_REG_B                      ; CLOCK1               ; Untyped                                          ;
; OUTDATA_REG_B                      ; UNREGISTERED         ; Untyped                                          ;
; BYTEENA_REG_B                      ; CLOCK1               ; Untyped                                          ;
; INDATA_ACLR_B                      ; NONE                 ; Untyped                                          ;
; WRCONTROL_ACLR_B                   ; NONE                 ; Untyped                                          ;
; ADDRESS_ACLR_B                     ; NONE                 ; Untyped                                          ;
; OUTDATA_ACLR_B                     ; NONE                 ; Untyped                                          ;
; RDCONTROL_ACLR_B                   ; NONE                 ; Untyped                                          ;
; BYTEENA_ACLR_B                     ; NONE                 ; Untyped                                          ;
; WIDTH_BYTEENA_A                    ; 1                    ; Untyped                                          ;
; WIDTH_BYTEENA_B                    ; 1                    ; Untyped                                          ;
; RAM_BLOCK_TYPE                     ; M9K                  ; Untyped                                          ;
; BYTE_SIZE                          ; 8                    ; Untyped                                          ;
; READ_DURING_WRITE_MODE_MIXED_PORTS ; DONT_CARE            ; Untyped                                          ;
; READ_DURING_WRITE_MODE_PORT_A      ; NEW_DATA_NO_NBE_READ ; Untyped                                          ;
; READ_DURING_WRITE_MODE_PORT_B      ; NEW_DATA_NO_NBE_READ ; Untyped                                          ;
; INIT_FILE                          ; UNUSED               ; Untyped                                          ;
; INIT_FILE_LAYOUT                   ; PORT_A               ; Untyped                                          ;
; MAXIMUM_DEPTH                      ; 0                    ; Untyped                                          ;
; CLOCK_ENABLE_INPUT_A               ; NORMAL               ; Untyped                                          ;
; CLOCK_ENABLE_INPUT_B               ; NORMAL               ; Untyped                                          ;
; CLOCK_ENABLE_OUTPUT_A              ; NORMAL               ; Untyped                                          ;
; CLOCK_ENABLE_OUTPUT_B              ; NORMAL               ; Untyped                                          ;
; CLOCK_ENABLE_CORE_A                ; USE_INPUT_CLKEN      ; Untyped                                          ;
; CLOCK_ENABLE_CORE_B                ; USE_INPUT_CLKEN      ; Untyped                                          ;
; ENABLE_ECC                         ; FALSE                ; Untyped                                          ;
; ECC_PIPELINE_STAGE_ENABLED         ; FALSE                ; Untyped                                          ;
; WIDTH_ECCSTATUS                    ; 3                    ; Untyped                                          ;
; DEVICE_FAMILY                      ; Cyclone IV E         ; Untyped                                          ;
; CBXI_PARAMETER                     ; altsyncram_glb1      ; Untyped                                          ;
+------------------------------------+----------------------+--------------------------------------------------+
Note: In order to hide this table in the UI and the text report file, please set the "Show Parameter Settings in Synthesis Report" option in "Analysis and Synthesis Settings -> More Settings" to "Off".


+------------------------------------------------------------------------------------------+
; Parameter Settings for User Entity Instance: top_bus_system:u_bus|slave_fast_ram:s1_inst ;
+----------------+-------+-----------------------------------------------------------------+
; Parameter Name ; Value ; Type                                                            ;
+----------------+-------+-----------------------------------------------------------------+
; ADDR_WIDTH     ; 12    ; Signed Integer                                                  ;
+----------------+-------+-----------------------------------------------------------------+
Note: In order to hide this table in the UI and the text report file, please set the "Show Parameter Settings in Synthesis Report" option in "Analysis and Synthesis Settings -> More Settings" to "Off".


+--------------------------------------------------------------------------------------------------------------+
; Parameter Settings for User Entity Instance: top_bus_system:u_bus|slave_fast_ram:s1_inst|altsyncram:ram_inst ;
+------------------------------------+----------------------+--------------------------------------------------+
; Parameter Name                     ; Value                ; Type                                             ;
+------------------------------------+----------------------+--------------------------------------------------+
; BYTE_SIZE_BLOCK                    ; 8                    ; Untyped                                          ;
; AUTO_CARRY_CHAINS                  ; ON                   ; AUTO_CARRY                                       ;
; IGNORE_CARRY_BUFFERS               ; OFF                  ; IGNORE_CARRY                                     ;
; AUTO_CASCADE_CHAINS                ; ON                   ; AUTO_CASCADE                                     ;
; IGNORE_CASCADE_BUFFERS             ; OFF                  ; IGNORE_CASCADE                                   ;
; WIDTH_BYTEENA                      ; 1                    ; Untyped                                          ;
; OPERATION_MODE                     ; SINGLE_PORT          ; Untyped                                          ;
; WIDTH_A                            ; 8                    ; Signed Integer                                   ;
; WIDTHAD_A                          ; 12                   ; Signed Integer                                   ;
; NUMWORDS_A                         ; 4096                 ; Signed Integer                                   ;
; OUTDATA_REG_A                      ; UNREGISTERED         ; Untyped                                          ;
; ADDRESS_ACLR_A                     ; NONE                 ; Untyped                                          ;
; OUTDATA_ACLR_A                     ; NONE                 ; Untyped                                          ;
; WRCONTROL_ACLR_A                   ; NONE                 ; Untyped                                          ;
; INDATA_ACLR_A                      ; NONE                 ; Untyped                                          ;
; BYTEENA_ACLR_A                     ; NONE                 ; Untyped                                          ;
; WIDTH_B                            ; 1                    ; Untyped                                          ;
; WIDTHAD_B                          ; 1                    ; Untyped                                          ;
; NUMWORDS_B                         ; 1                    ; Untyped                                          ;
; INDATA_REG_B                       ; CLOCK1               ; Untyped                                          ;
; WRCONTROL_WRADDRESS_REG_B          ; CLOCK1               ; Untyped                                          ;
; RDCONTROL_REG_B                    ; CLOCK1               ; Untyped                                          ;
; ADDRESS_REG_B                      ; CLOCK1               ; Untyped                                          ;
; OUTDATA_REG_B                      ; UNREGISTERED         ; Untyped                                          ;
; BYTEENA_REG_B                      ; CLOCK1               ; Untyped                                          ;
; INDATA_ACLR_B                      ; NONE                 ; Untyped                                          ;
; WRCONTROL_ACLR_B                   ; NONE                 ; Untyped                                          ;
; ADDRESS_ACLR_B                     ; NONE                 ; Untyped                                          ;
; OUTDATA_ACLR_B                     ; NONE                 ; Untyped                                          ;
; RDCONTROL_ACLR_B                   ; NONE                 ; Untyped                                          ;
; BYTEENA_ACLR_B                     ; NONE                 ; Untyped                                          ;
; WIDTH_BYTEENA_A                    ; 1                    ; Untyped                                          ;
; WIDTH_BYTEENA_B                    ; 1                    ; Untyped                                          ;
; RAM_BLOCK_TYPE                     ; M9K                  ; Untyped                                          ;
; BYTE_SIZE                          ; 8                    ; Untyped                                          ;
; READ_DURING_WRITE_MODE_MIXED_PORTS ; DONT_CARE            ; Untyped                                          ;
; READ_DURING_WRITE_MODE_PORT_A      ; NEW_DATA_NO_NBE_READ ; Untyped                                          ;
; READ_DURING_WRITE_MODE_PORT_B      ; NEW_DATA_NO_NBE_READ ; Untyped                                          ;
; INIT_FILE                          ; UNUSED               ; Untyped                                          ;
; INIT_FILE_LAYOUT                   ; PORT_A               ; Untyped                                          ;
; MAXIMUM_DEPTH                      ; 0                    ; Untyped                                          ;
; CLOCK_ENABLE_INPUT_A               ; NORMAL               ; Untyped                                          ;
; CLOCK_ENABLE_INPUT_B               ; NORMAL               ; Untyped                                          ;
; CLOCK_ENABLE_OUTPUT_A              ; NORMAL               ; Untyped                                          ;
; CLOCK_ENABLE_OUTPUT_B              ; NORMAL               ; Untyped                                          ;
; CLOCK_ENABLE_CORE_A                ; USE_INPUT_CLKEN      ; Untyped                                          ;
; CLOCK_ENABLE_CORE_B                ; USE_INPUT_CLKEN      ; Untyped                                          ;
; ENABLE_ECC                         ; FALSE                ; Untyped                                          ;
; ECC_PIPELINE_STAGE_ENABLED         ; FALSE                ; Untyped                                          ;
; WIDTH_ECCSTATUS                    ; 3                    ; Untyped                                          ;
; DEVICE_FAMILY                      ; Cyclone IV E         ; Untyped                                          ;
; CBXI_PARAMETER                     ; altsyncram_2ib1      ; Untyped                                          ;
+------------------------------------+----------------------+--------------------------------------------------+
Note: In order to hide this table in the UI and the text report file, please set the "Show Parameter Settings in Synthesis Report" option in "Analysis and Synthesis Settings -> More Settings" to "Off".


+------------------------------------------------------------------------------------------+
; Parameter Settings for User Entity Instance: top_bus_system:u_bus|slave_fast_ram:s2_inst ;
+----------------+-------+-----------------------------------------------------------------+
; Parameter Name ; Value ; Type                                                            ;
+----------------+-------+-----------------------------------------------------------------+
; ADDR_WIDTH     ; 11    ; Signed Integer                                                  ;
+----------------+-------+-----------------------------------------------------------------+
Note: In order to hide this table in the UI and the text report file, please set the "Show Parameter Settings in Synthesis Report" option in "Analysis and Synthesis Settings -> More Settings" to "Off".


+--------------------------------------------------------------------------------------------------------------+
; Parameter Settings for User Entity Instance: top_bus_system:u_bus|slave_fast_ram:s2_inst|altsyncram:ram_inst ;
+------------------------------------+----------------------+--------------------------------------------------+
; Parameter Name                     ; Value                ; Type                                             ;
+------------------------------------+----------------------+--------------------------------------------------+
; BYTE_SIZE_BLOCK                    ; 8                    ; Untyped                                          ;
; AUTO_CARRY_CHAINS                  ; ON                   ; AUTO_CARRY                                       ;
; IGNORE_CARRY_BUFFERS               ; OFF                  ; IGNORE_CARRY                                     ;
; AUTO_CASCADE_CHAINS                ; ON                   ; AUTO_CASCADE                                     ;
; IGNORE_CASCADE_BUFFERS             ; OFF                  ; IGNORE_CASCADE                                   ;
; WIDTH_BYTEENA                      ; 1                    ; Untyped                                          ;
; OPERATION_MODE                     ; SINGLE_PORT          ; Untyped                                          ;
; WIDTH_A                            ; 8                    ; Signed Integer                                   ;
; WIDTHAD_A                          ; 11                   ; Signed Integer                                   ;
; NUMWORDS_A                         ; 2048                 ; Signed Integer                                   ;
; OUTDATA_REG_A                      ; UNREGISTERED         ; Untyped                                          ;
; ADDRESS_ACLR_A                     ; NONE                 ; Untyped                                          ;
; OUTDATA_ACLR_A                     ; NONE                 ; Untyped                                          ;
; WRCONTROL_ACLR_A                   ; NONE                 ; Untyped                                          ;
; INDATA_ACLR_A                      ; NONE                 ; Untyped                                          ;
; BYTEENA_ACLR_A                     ; NONE                 ; Untyped                                          ;
; WIDTH_B                            ; 1                    ; Untyped                                          ;
; WIDTHAD_B                          ; 1                    ; Untyped                                          ;
; NUMWORDS_B                         ; 1                    ; Untyped                                          ;
; INDATA_REG_B                       ; CLOCK1               ; Untyped                                          ;
; WRCONTROL_WRADDRESS_REG_B          ; CLOCK1               ; Untyped                                          ;
; RDCONTROL_REG_B                    ; CLOCK1               ; Untyped                                          ;
; ADDRESS_REG_B                      ; CLOCK1               ; Untyped                                          ;
; OUTDATA_REG_B                      ; UNREGISTERED         ; Untyped                                          ;
; BYTEENA_REG_B                      ; CLOCK1               ; Untyped                                          ;
; INDATA_ACLR_B                      ; NONE                 ; Untyped                                          ;
; WRCONTROL_ACLR_B                   ; NONE                 ; Untyped                                          ;
; ADDRESS_ACLR_B                     ; NONE                 ; Untyped                                          ;
; OUTDATA_ACLR_B                     ; NONE                 ; Untyped                                          ;
; RDCONTROL_ACLR_B                   ; NONE                 ; Untyped                                          ;
; BYTEENA_ACLR_B                     ; NONE                 ; Untyped                                          ;
; WIDTH_BYTEENA_A                    ; 1                    ; Untyped                                          ;
; WIDTH_BYTEENA_B                    ; 1                    ; Untyped                                          ;
; RAM_BLOCK_TYPE                     ; M9K                  ; Untyped                                          ;
; BYTE_SIZE                          ; 8                    ; Untyped                                          ;
; READ_DURING_WRITE_MODE_MIXED_PORTS ; DONT_CARE            ; Untyped                                          ;
; READ_DURING_WRITE_MODE_PORT_A      ; NEW_DATA_NO_NBE_READ ; Untyped                                          ;
; READ_DURING_WRITE_MODE_PORT_B      ; NEW_DATA_NO_NBE_READ ; Untyped                                          ;
; INIT_FILE                          ; UNUSED               ; Untyped                                          ;
; INIT_FILE_LAYOUT                   ; PORT_A               ; Untyped                                          ;
; MAXIMUM_DEPTH                      ; 0                    ; Untyped                                          ;
; CLOCK_ENABLE_INPUT_A               ; NORMAL               ; Untyped                                          ;
; CLOCK_ENABLE_INPUT_B               ; NORMAL               ; Untyped                                          ;
; CLOCK_ENABLE_OUTPUT_A              ; NORMAL               ; Untyped                                          ;
; CLOCK_ENABLE_OUTPUT_B              ; NORMAL               ; Untyped                                          ;
; CLOCK_ENABLE_CORE_A                ; USE_INPUT_CLKEN      ; Untyped                                          ;
; CLOCK_ENABLE_CORE_B                ; USE_INPUT_CLKEN      ; Untyped                                          ;
; ENABLE_ECC                         ; FALSE                ; Untyped                                          ;
; ECC_PIPELINE_STAGE_ENABLED         ; FALSE                ; Untyped                                          ;
; WIDTH_ECCSTATUS                    ; 3                    ; Untyped                                          ;
; DEVICE_FAMILY                      ; Cyclone IV E         ; Untyped                                          ;
; CBXI_PARAMETER                     ; altsyncram_shb1      ; Untyped                                          ;
+------------------------------------+----------------------+--------------------------------------------------+
Note: In order to hide this table in the UI and the text report file, please set the "Show Parameter Settings in Synthesis Report" option in "Analysis and Synthesis Settings -> More Settings" to "Off".


+-------------------------------------------------------------------------------------------------------------+
; altsyncram Parameter Settings by Entity Instance                                                            ;
+-------------------------------------------+-----------------------------------------------------------------+
; Name                                      ; Value                                                           ;
+-------------------------------------------+-----------------------------------------------------------------+
; Number of entity instances                ; 3                                                               ;
; Entity Instance                           ; top_bus_system:u_bus|slave_0_split_4k:s0_inst|altsyncram:s0_ram ;
;     -- OPERATION_MODE                     ; DUAL_PORT                                                       ;
;     -- WIDTH_A                            ; 8                                                               ;
;     -- NUMWORDS_A                         ; 4096                                                            ;
;     -- OUTDATA_REG_A                      ; UNREGISTERED                                                    ;
;     -- WIDTH_B                            ; 8                                                               ;
;     -- NUMWORDS_B                         ; 4096                                                            ;
;     -- ADDRESS_REG_B                      ; CLOCK1                                                          ;
;     -- OUTDATA_REG_B                      ; UNREGISTERED                                                    ;
;     -- RAM_BLOCK_TYPE                     ; M9K                                                             ;
;     -- READ_DURING_WRITE_MODE_MIXED_PORTS ; DONT_CARE                                                       ;
; Entity Instance                           ; top_bus_system:u_bus|slave_fast_ram:s1_inst|altsyncram:ram_inst ;
;     -- OPERATION_MODE                     ; SINGLE_PORT                                                     ;
;     -- WIDTH_A                            ; 8                                                               ;
;     -- NUMWORDS_A                         ; 4096                                                            ;
;     -- OUTDATA_REG_A                      ; UNREGISTERED                                                    ;
;     -- WIDTH_B                            ; 1                                                               ;
;     -- NUMWORDS_B                         ; 1                                                               ;
;     -- ADDRESS_REG_B                      ; CLOCK1                                                          ;
;     -- OUTDATA_REG_B                      ; UNREGISTERED                                                    ;
;     -- RAM_BLOCK_TYPE                     ; M9K                                                             ;
;     -- READ_DURING_WRITE_MODE_MIXED_PORTS ; DONT_CARE                                                       ;
; Entity Instance                           ; top_bus_system:u_bus|slave_fast_ram:s2_inst|altsyncram:ram_inst ;
;     -- OPERATION_MODE                     ; SINGLE_PORT                                                     ;
;     -- WIDTH_A                            ; 8                                                               ;
;     -- NUMWORDS_A                         ; 2048                                                            ;
;     -- OUTDATA_REG_A                      ; UNREGISTERED                                                    ;
;     -- WIDTH_B                            ; 1                                                               ;
;     -- NUMWORDS_B                         ; 1                                                               ;
;     -- ADDRESS_REG_B                      ; CLOCK1                                                          ;
;     -- OUTDATA_REG_B                      ; UNREGISTERED                                                    ;
;     -- RAM_BLOCK_TYPE                     ; M9K                                                             ;
;     -- READ_DURING_WRITE_MODE_MIXED_PORTS ; DONT_CARE                                                       ;
+-------------------------------------------+-----------------------------------------------------------------+


+----------------------------------------------------------------------------------------------------------------------+
; Port Connectivity Checks: "top_bus_system:u_bus|bus_interconnect:interconnect_inst|address_decoder:decoder_inst"     ;
+------------+--------+----------+-------------------------------------------------------------------------------------+
; Port       ; Type   ; Severity ; Details                                                                             ;
+------------+--------+----------+-------------------------------------------------------------------------------------+
; decode_err ; Output ; Info     ; Connected to dangling logic. Logic that only feeds a dangling port will be removed. ;
+------------+--------+----------+-------------------------------------------------------------------------------------+


+----------------------------------------------------------------------------------------------------------------------------+
; Port Connectivity Checks: "top_bus_system:u_bus|bus_interconnect:interconnect_inst"                                        ;
+------------------+--------+----------+-------------------------------------------------------------------------------------+
; Port             ; Type   ; Severity ; Details                                                                             ;
+------------------+--------+----------+-------------------------------------------------------------------------------------+
; bus_addr[13..12] ; Output ; Info     ; Connected to dangling logic. Logic that only feeds a dangling port will be removed. ;
; sb_rdata         ; Input  ; Info     ; Stuck at GND                                                                        ;
+------------------+--------+----------+-------------------------------------------------------------------------------------+


+---------------------------------------------------------------------------+
; Port Connectivity Checks: "top_bus_system:u_bus|master_node_uart:m0_inst" ;
+-------------+--------+----------+-----------------------------------------+
; Port        ; Type   ; Severity ; Details                                 ;
+-------------+--------+----------+-----------------------------------------+
; remote_busy ; Output ; Info     ; Explicitly unconnected                  ;
; srv_busy    ; Output ; Info     ; Explicitly unconnected                  ;
+-------------+--------+----------+-----------------------------------------+


+------------------------------------------------------------------------------------------------------------------------------------------------------------------------------------+
; Port Connectivity Checks: "bus_issp_driver:u_dbg|altsource_probe:u_issp"                                                                                                           ;
+-----------------+--------+----------+----------------------------------------------------------------------------------------------------------------------------------------------+
; Port            ; Type   ; Severity ; Details                                                                                                                                      ;
+-----------------+--------+----------+----------------------------------------------------------------------------------------------------------------------------------------------+
; source_ena      ; Input  ; Info     ; Stuck at VCC                                                                                                                                 ;
; raw_tck         ; Input  ; Warning  ; Declared by entity but not connected by instance. If a default value exists, it will be used.  Otherwise, the port will be connected to GND. ;
; tdi             ; Input  ; Warning  ; Declared by entity but not connected by instance. If a default value exists, it will be used.  Otherwise, the port will be connected to GND. ;
; usr1            ; Input  ; Warning  ; Declared by entity but not connected by instance. If a default value exists, it will be used.  Otherwise, the port will be connected to GND. ;
; jtag_state_cdr  ; Input  ; Warning  ; Declared by entity but not connected by instance. If a default value exists, it will be used.  Otherwise, the port will be connected to GND. ;
; jtag_state_sdr  ; Input  ; Warning  ; Declared by entity but not connected by instance. If a default value exists, it will be used.  Otherwise, the port will be connected to GND. ;
; jtag_state_e1dr ; Input  ; Warning  ; Declared by entity but not connected by instance. If a default value exists, it will be used.  Otherwise, the port will be connected to GND. ;
; jtag_state_udr  ; Input  ; Warning  ; Declared by entity but not connected by instance. If a default value exists, it will be used.  Otherwise, the port will be connected to GND. ;
; jtag_state_cir  ; Input  ; Warning  ; Declared by entity but not connected by instance. If a default value exists, it will be used.  Otherwise, the port will be connected to GND. ;
; jtag_state_uir  ; Input  ; Warning  ; Declared by entity but not connected by instance. If a default value exists, it will be used.  Otherwise, the port will be connected to GND. ;
; jtag_state_tlr  ; Input  ; Warning  ; Declared by entity but not connected by instance. If a default value exists, it will be used.  Otherwise, the port will be connected to GND. ;
; clr             ; Input  ; Warning  ; Declared by entity but not connected by instance. If a default value exists, it will be used.  Otherwise, the port will be connected to GND. ;
; ena             ; Input  ; Warning  ; Declared by entity but not connected by instance. If a default value exists, it will be used.  Otherwise, the port will be connected to GND. ;
; ir_in           ; Input  ; Warning  ; Declared by entity but not connected by instance. If a default value exists, it will be used.  Otherwise, the port will be connected to GND. ;
; ir_out          ; Output ; Warning  ; Declared by entity but not connected by instance. Logic that only feeds a dangling port will be removed.                                     ;
; tdo             ; Output ; Warning  ; Declared by entity but not connected by instance. Logic that only feeds a dangling port will be removed.                                     ;
+-----------------+--------+----------+----------------------------------------------------------------------------------------------------------------------------------------------+


+-----------------------------------------------------+
; Post-Synthesis Netlist Statistics for Top Partition ;
+-----------------------+-----------------------------+
; Type                  ; Count                       ;
+-----------------------+-----------------------------+
; boundary_port         ; 33                          ;
; cycloneiii_ff         ; 726                         ;
;     CLR               ; 127                         ;
;     CLR SLD           ; 2                           ;
;     ENA               ; 8                           ;
;     ENA CLR           ; 351                         ;
;     ENA CLR SCLR      ; 40                          ;
;     ENA CLR SLD       ; 48                          ;
;     plain             ; 150                         ;
; cycloneiii_lcell_comb ; 619                         ;
;     arith             ; 67                          ;
;         2 data inputs ; 67                          ;
;     normal            ; 552                         ;
;         0 data inputs ; 1                           ;
;         1 data inputs ; 8                           ;
;         2 data inputs ; 84                          ;
;         3 data inputs ; 196                         ;
;         4 data inputs ; 263                         ;
; cycloneiii_ram_block  ; 24                          ;
;                       ;                             ;
; Max LUT depth         ; 6.00                        ;
; Average LUT depth     ; 2.11                        ;
+-----------------------+-----------------------------+


+-------------------------------+
; Elapsed Time Per Partition    ;
+----------------+--------------+
; Partition Name ; Elapsed Time ;
+----------------+--------------+
; Top            ; 00:00:01     ;
+----------------+--------------+


+-------------------------------+
; Analysis & Synthesis Messages ;
+-------------------------------+
Info: *******************************************************************
Info: Running Quartus Prime Analysis & Synthesis
    Info: Version 24.1std.0 Build 1077 03/04/2025 SC Lite Edition
    Info: Processing started: Tue Sep  8 23:02:17 2026
Info: Command: quartus_map --read_settings_files=on --write_settings_files=off System_Bus_Final -c System_Bus_Final
Warning (18236): Number of processors has not been specified which may cause overloading on shared machines.  Set the global assignment NUM_PARALLEL_PROCESSORS in your QSF to an appropriate value for best performance.
Info (20030): Parallel compilation is enabled and will use 10 of the 10 processors detected
Info (12021): Found 1 design units, including 1 entities, in source file tb_address_decoder.v
    Info (12023): Found entity 1: tb_address_decoder File: /home/rajinthan/Workspace/Git/System_Bus_Design/System_Bus_Final/tb_address_decoder.v Line: 3
Info (12021): Found 1 design units, including 1 entities, in source file tb_arbiter_2m_split.v
    Info (12023): Found entity 1: tb_arbiter_2m_split File: /home/rajinthan/Workspace/Git/System_Bus_Design/System_Bus_Final/tb_arbiter_2m_split.v Line: 3
Info (12021): Found 1 design units, including 1 entities, in source file tb_master_node.v
    Info (12023): Found entity 1: tb_master_node File: /home/rajinthan/Workspace/Git/System_Bus_Design/System_Bus_Final/tb_master_node.v Line: 23
Info (12021): Found 1 design units, including 1 entities, in source file tb_slave_0_split_4k.v
    Info (12023): Found entity 1: tb_slave_0_split_4k File: /home/rajinthan/Workspace/Git/System_Bus_Design/System_Bus_Final/tb_slave_0_split_4k.v Line: 3
Info (12021): Found 1 design units, including 1 entities, in source file tb_top_bus_system.v
    Info (12023): Found entity 1: tb_top_bus_system File: /home/rajinthan/Workspace/Git/System_Bus_Design/System_Bus_Final/tb_top_bus_system.v Line: 3
Warning (10463): Verilog HDL Declaration warning at tb_uart_remote.v(73): "expect" is SystemVerilog-2005 keyword File: /home/rajinthan/Workspace/Git/System_Bus_Design/System_Bus_Final/tb_uart_remote.v Line: 73
Info (12021): Found 1 design units, including 1 entities, in source file tb_uart_remote.v
    Info (12023): Found entity 1: tb_uart_remote File: /home/rajinthan/Workspace/Git/System_Bus_Design/System_Bus_Final/tb_uart_remote.v Line: 9
Info (12021): Found 1 design units, including 1 entities, in source file address_decoder.v
    Info (12023): Found entity 1: address_decoder File: /home/rajinthan/Workspace/Git/System_Bus_Design/System_Bus_Final/address_decoder.v Line: 25
Info (12021): Found 1 design units, including 1 entities, in source file arbiter_2m_split.v
    Info (12023): Found entity 1: arbiter_2m_split File: /home/rajinthan/Workspace/Git/System_Bus_Design/System_Bus_Final/arbiter_2m_split.v Line: 3
Info (12021): Found 1 design units, including 1 entities, in source file master_node.v
    Info (12023): Found entity 1: master_node File: /home/rajinthan/Workspace/Git/System_Bus_Design/System_Bus_Final/master_node.v Line: 3
Info (12021): Found 1 design units, including 1 entities, in source file master_node_uart.v
    Info (12023): Found entity 1: master_node_uart File: /home/rajinthan/Workspace/Git/System_Bus_Design/System_Bus_Final/master_node_uart.v Line: 29
Info (12021): Found 1 design units, including 1 entities, in source file slave_0_split_4k.v
    Info (12023): Found entity 1: slave_0_split_4k File: /home/rajinthan/Workspace/Git/System_Bus_Design/System_Bus_Final/slave_0_split_4k.v Line: 3
Info (12021): Found 1 design units, including 1 entities, in source file slave_fast_ram.v
    Info (12023): Found entity 1: slave_fast_ram File: /home/rajinthan/Workspace/Git/System_Bus_Design/System_Bus_Final/slave_fast_ram.v Line: 3
Info (12021): Found 1 design units, including 1 entities, in source file top_bus_system.v
    Info (12023): Found entity 1: top_bus_system File: /home/rajinthan/Workspace/Git/System_Bus_Design/System_Bus_Final/top_bus_system.v Line: 3
Info (12021): Found 1 design units, including 1 entities, in source file uart_tx.v
    Info (12023): Found entity 1: uart_tx File: /home/rajinthan/Workspace/Git/System_Bus_Design/System_Bus_Final/uart_tx.v Line: 9
Info (12021): Found 1 design units, including 1 entities, in source file uart_rx.v
    Info (12023): Found entity 1: uart_rx File: /home/rajinthan/Workspace/Git/System_Bus_Design/System_Bus_Final/uart_rx.v Line: 9
Info (12021): Found 1 design units, including 1 entities, in source file bus_interconnect.v
    Info (12023): Found entity 1: bus_interconnect File: /home/rajinthan/Workspace/Git/System_Bus_Design/System_Bus_Final/bus_interconnect.v Line: 3
Info (12021): Found 1 design units, including 1 entities, in source file bus_issp_driver.v
    Info (12023): Found entity 1: bus_issp_driver File: /home/rajinthan/Workspace/Git/System_Bus_Design/System_Bus_Final/bus_issp_driver.v Line: 39
Info (12021): Found 1 design units, including 1 entities, in source file top_debug.v
    Info (12023): Found entity 1: top_debug File: /home/rajinthan/Workspace/Git/System_Bus_Design/System_Bus_Final/top_debug.v Line: 9
Info (12021): Found 1 design units, including 1 entities, in source file tb_slave_fast_ram.v
    Info (12023): Found entity 1: tb_slave_fast_ram File: /home/rajinthan/Workspace/Git/System_Bus_Design/System_Bus_Final/tb_slave_fast_ram.v Line: 3
Info (12127): Elaborating entity "top_debug" for the top level hierarchy
Info (12128): Elaborating entity "bus_issp_driver" for hierarchy "bus_issp_driver:u_dbg" File: /home/rajinthan/Workspace/Git/System_Bus_Design/System_Bus_Final/top_debug.v Line: 41
Info (12128): Elaborating entity "altsource_probe" for hierarchy "bus_issp_driver:u_dbg|altsource_probe:u_issp" File: /home/rajinthan/Workspace/Git/System_Bus_Design/System_Bus_Final/bus_issp_driver.v Line: 75
Info (12130): Elaborated megafunction instantiation "bus_issp_driver:u_dbg|altsource_probe:u_issp" File: /home/rajinthan/Workspace/Git/System_Bus_Design/System_Bus_Final/bus_issp_driver.v Line: 75
Info (12133): Instantiated megafunction "bus_issp_driver:u_dbg|altsource_probe:u_issp" with the following parameter: File: /home/rajinthan/Workspace/Git/System_Bus_Design/System_Bus_Final/bus_issp_driver.v Line: 75
    Info (12134): Parameter "sld_auto_instance_index" = "YES"
    Info (12134): Parameter "instance_id" = "BUS0"
    Info (12134): Parameter "source_width" = "50"
    Info (12134): Parameter "probe_width" = "38"
    Info (12134): Parameter "source_initial_value" = "0"
    Info (12134): Parameter "enable_metastability" = "YES"
Info (12128): Elaborating entity "sld_jtag_endpoint_adapter" for hierarchy "bus_issp_driver:u_dbg|altsource_probe:u_issp|sld_jtag_endpoint_adapter:jtag_signal_adapter" File: /home/rajinthan/programs/intelFPGA_lite/24.1std/quartus/libraries/megafunctions/altsource_probe.v Line: 169
Info (12128): Elaborating entity "sld_jtag_endpoint_adapter_impl" for hierarchy "bus_issp_driver:u_dbg|altsource_probe:u_issp|sld_jtag_endpoint_adapter:jtag_signal_adapter|sld_jtag_endpoint_adapter_impl:sld_jtag_endpoint_adapter_impl_inst" File: /home/rajinthan/programs/intelFPGA_lite/24.1std/quartus/libraries/megafunctions/sld_jtag_endpoint_adapter.vhd Line: 232
Info (12128): Elaborating entity "altsource_probe_body" for hierarchy "bus_issp_driver:u_dbg|altsource_probe:u_issp|altsource_probe_body:altsource_probe_body_inst" File: /home/rajinthan/programs/intelFPGA_lite/24.1std/quartus/libraries/megafunctions/altsource_probe.v Line: 205
Info (12128): Elaborating entity "altsource_probe_impl" for hierarchy "bus_issp_driver:u_dbg|altsource_probe:u_issp|altsource_probe_body:altsource_probe_body_inst|altsource_probe_impl:\wider_source_gen:wider_source_inst" File: /home/rajinthan/programs/intelFPGA_lite/24.1std/quartus/libraries/megafunctions/altsource_probe_body.vhd Line: 536
Info (12128): Elaborating entity "sld_rom_sr" for hierarchy "bus_issp_driver:u_dbg|altsource_probe:u_issp|altsource_probe_body:altsource_probe_body_inst|altsource_probe_impl:\wider_source_gen:wider_source_inst|sld_rom_sr:\instance_id_gen:rom_info_inst" File: /home/rajinthan/programs/intelFPGA_lite/24.1std/quartus/libraries/megafunctions/altsource_probe_body.vhd Line: 756
Info (12128): Elaborating entity "top_bus_system" for hierarchy "top_bus_system:u_bus" File: /home/rajinthan/Workspace/Git/System_Bus_Design/System_Bus_Final/top_debug.v Line: 55
Info (12128): Elaborating entity "master_node_uart" for hierarchy "top_bus_system:u_bus|master_node_uart:m0_inst" File: /home/rajinthan/Workspace/Git/System_Bus_Design/System_Bus_Final/top_bus_system.v Line: 78
Info (12128): Elaborating entity "uart_rx" for hierarchy "top_bus_system:u_bus|master_node_uart:m0_inst|uart_rx:rx_inst" File: /home/rajinthan/Workspace/Git/System_Bus_Design/System_Bus_Final/master_node_uart.v Line: 79
Info (12128): Elaborating entity "uart_tx" for hierarchy "top_bus_system:u_bus|master_node_uart:m0_inst|uart_tx:tx_inst" File: /home/rajinthan/Workspace/Git/System_Bus_Design/System_Bus_Final/master_node_uart.v Line: 89
Info (12128): Elaborating entity "master_node" for hierarchy "top_bus_system:u_bus|master_node_uart:m0_inst|master_node:core" File: /home/rajinthan/Workspace/Git/System_Bus_Design/System_Bus_Final/master_node_uart.v Line: 220
Info (12128): Elaborating entity "bus_interconnect" for hierarchy "top_bus_system:u_bus|bus_interconnect:interconnect_inst" File: /home/rajinthan/Workspace/Git/System_Bus_Design/System_Bus_Final/top_bus_system.v Line: 145
Info (12128): Elaborating entity "arbiter_2m_split" for hierarchy "top_bus_system:u_bus|bus_interconnect:interconnect_inst|arbiter_2m_split:arbiter_inst" File: /home/rajinthan/Workspace/Git/System_Bus_Design/System_Bus_Final/bus_interconnect.v Line: 72
Info (12128): Elaborating entity "address_decoder" for hierarchy "top_bus_system:u_bus|bus_interconnect:interconnect_inst|address_decoder:decoder_inst" File: /home/rajinthan/Workspace/Git/System_Bus_Design/System_Bus_Final/bus_interconnect.v Line: 93
Info (12128): Elaborating entity "slave_0_split_4k" for hierarchy "top_bus_system:u_bus|slave_0_split_4k:s0_inst" File: /home/rajinthan/Workspace/Git/System_Bus_Design/System_Bus_Final/top_bus_system.v Line: 162
Info (12128): Elaborating entity "altsyncram" for hierarchy "top_bus_system:u_bus|slave_0_split_4k:s0_inst|altsyncram:s0_ram" File: /home/rajinthan/Workspace/Git/System_Bus_Design/System_Bus_Final/slave_0_split_4k.v Line: 75
Info (12130): Elaborated megafunction instantiation "top_bus_system:u_bus|slave_0_split_4k:s0_inst|altsyncram:s0_ram" File: /home/rajinthan/Workspace/Git/System_Bus_Design/System_Bus_Final/slave_0_split_4k.v Line: 75
Info (12133): Instantiated megafunction "top_bus_system:u_bus|slave_0_split_4k:s0_inst|altsyncram:s0_ram" with the following parameter: File: /home/rajinthan/Workspace/Git/System_Bus_Design/System_Bus_Final/slave_0_split_4k.v Line: 75
    Info (12134): Parameter "operation_mode" = "DUAL_PORT"
    Info (12134): Parameter "width_a" = "8"
    Info (12134): Parameter "widthad_a" = "12"
    Info (12134): Parameter "numwords_a" = "4096"
    Info (12134): Parameter "width_b" = "8"
    Info (12134): Parameter "widthad_b" = "12"
    Info (12134): Parameter "numwords_b" = "4096"
    Info (12134): Parameter "lpm_type" = "altsyncram"
    Info (12134): Parameter "outdata_reg_b" = "UNREGISTERED"
    Info (12134): Parameter "address_aclr_b" = "NONE"
    Info (12134): Parameter "outdata_aclr_b" = "NONE"
    Info (12134): Parameter "indata_aclr_a" = "NONE"
    Info (12134): Parameter "wrcontrol_aclr_a" = "NONE"
    Info (12134): Parameter "ram_block_type" = "M9K"
    Info (12134): Parameter "init_file" = "UNUSED"
    Info (12134): Parameter "intended_device_family" = "Cyclone IV E"
Info (12021): Found 1 design units, including 1 entities, in source file db/altsyncram_glb1.tdf
    Info (12023): Found entity 1: altsyncram_glb1 File: /home/rajinthan/Workspace/Git/System_Bus_Design/System_Bus_Final/db/altsyncram_glb1.tdf Line: 28
Info (12128): Elaborating entity "altsyncram_glb1" for hierarchy "top_bus_system:u_bus|slave_0_split_4k:s0_inst|altsyncram:s0_ram|altsyncram_glb1:auto_generated" File: /home/rajinthan/programs/intelFPGA_lite/24.1std/quartus/libraries/megafunctions/altsyncram.tdf Line: 792
Warning (287013): Variable or input pin "data_b" is defined but never used. File: /home/rajinthan/Workspace/Git/System_Bus_Design/System_Bus_Final/db/altsyncram_glb1.tdf Line: 35
Info (12128): Elaborating entity "slave_fast_ram" for hierarchy "top_bus_system:u_bus|slave_fast_ram:s1_inst" File: /home/rajinthan/Workspace/Git/System_Bus_Design/System_Bus_Final/top_bus_system.v Line: 174
Info (12128): Elaborating entity "altsyncram" for hierarchy "top_bus_system:u_bus|slave_fast_ram:s1_inst|altsyncram:ram_inst" File: /home/rajinthan/Workspace/Git/System_Bus_Design/System_Bus_Final/slave_fast_ram.v Line: 49
Info (12130): Elaborated megafunction instantiation "top_bus_system:u_bus|slave_fast_ram:s1_inst|altsyncram:ram_inst" File: /home/rajinthan/Workspace/Git/System_Bus_Design/System_Bus_Final/slave_fast_ram.v Line: 49
Info (12133): Instantiated megafunction "top_bus_system:u_bus|slave_fast_ram:s1_inst|altsyncram:ram_inst" with the following parameter: File: /home/rajinthan/Workspace/Git/System_Bus_Design/System_Bus_Final/slave_fast_ram.v Line: 49
    Info (12134): Parameter "operation_mode" = "SINGLE_PORT"
    Info (12134): Parameter "width_a" = "8"
    Info (12134): Parameter "widthad_a" = "12"
    Info (12134): Parameter "numwords_a" = "4096"
    Info (12134): Parameter "lpm_type" = "altsyncram"
    Info (12134): Parameter "outdata_reg_a" = "UNREGISTERED"
    Info (12134): Parameter "address_aclr_a" = "NONE"
    Info (12134): Parameter "outdata_aclr_a" = "NONE"
    Info (12134): Parameter "indata_aclr_a" = "NONE"
    Info (12134): Parameter "wrcontrol_aclr_a" = "NONE"
    Info (12134): Parameter "ram_block_type" = "M9K"
    Info (12134): Parameter "read_during_write_mode_port_a" = "NEW_DATA_NO_NBE_READ"
    Info (12134): Parameter "init_file" = "UNUSED"
    Info (12134): Parameter "intended_device_family" = "Cyclone IV E"
Info (12021): Found 1 design units, including 1 entities, in source file db/altsyncram_2ib1.tdf
    Info (12023): Found entity 1: altsyncram_2ib1 File: /home/rajinthan/Workspace/Git/System_Bus_Design/System_Bus_Final/db/altsyncram_2ib1.tdf Line: 28
Info (12128): Elaborating entity "altsyncram_2ib1" for hierarchy "top_bus_system:u_bus|slave_fast_ram:s1_inst|altsyncram:ram_inst|altsyncram_2ib1:auto_generated" File: /home/rajinthan/programs/intelFPGA_lite/24.1std/quartus/libraries/megafunctions/altsyncram.tdf Line: 792
Info (12128): Elaborating entity "slave_fast_ram" for hierarchy "top_bus_system:u_bus|slave_fast_ram:s2_inst" File: /home/rajinthan/Workspace/Git/System_Bus_Design/System_Bus_Final/top_bus_system.v Line: 186
Info (12128): Elaborating entity "altsyncram" for hierarchy "top_bus_system:u_bus|slave_fast_ram:s2_inst|altsyncram:ram_inst" File: /home/rajinthan/Workspace/Git/System_Bus_Design/System_Bus_Final/slave_fast_ram.v Line: 49
Info (12130): Elaborated megafunction instantiation "top_bus_system:u_bus|slave_fast_ram:s2_inst|altsyncram:ram_inst" File: /home/rajinthan/Workspace/Git/System_Bus_Design/System_Bus_Final/slave_fast_ram.v Line: 49
Info (12133): Instantiated megafunction "top_bus_system:u_bus|slave_fast_ram:s2_inst|altsyncram:ram_inst" with the following parameter: File: /home/rajinthan/Workspace/Git/System_Bus_Design/System_Bus_Final/slave_fast_ram.v Line: 49
    Info (12134): Parameter "operation_mode" = "SINGLE_PORT"
    Info (12134): Parameter "width_a" = "8"
    Info (12134): Parameter "widthad_a" = "11"
    Info (12134): Parameter "numwords_a" = "2048"
    Info (12134): Parameter "lpm_type" = "altsyncram"
    Info (12134): Parameter "outdata_reg_a" = "UNREGISTERED"
    Info (12134): Parameter "address_aclr_a" = "NONE"
    Info (12134): Parameter "outdata_aclr_a" = "NONE"
    Info (12134): Parameter "indata_aclr_a" = "NONE"
    Info (12134): Parameter "wrcontrol_aclr_a" = "NONE"
    Info (12134): Parameter "ram_block_type" = "M9K"
    Info (12134): Parameter "read_during_write_mode_port_a" = "NEW_DATA_NO_NBE_READ"
    Info (12134): Parameter "init_file" = "UNUSED"
    Info (12134): Parameter "intended_device_family" = "Cyclone IV E"
Info (12021): Found 1 design units, including 1 entities, in source file db/altsyncram_shb1.tdf
    Info (12023): Found entity 1: altsyncram_shb1 File: /home/rajinthan/Workspace/Git/System_Bus_Design/System_Bus_Final/db/altsyncram_shb1.tdf Line: 28
Info (12128): Elaborating entity "altsyncram_shb1" for hierarchy "top_bus_system:u_bus|slave_fast_ram:s2_inst|altsyncram:ram_inst|altsyncram_shb1:auto_generated" File: /home/rajinthan/programs/intelFPGA_lite/24.1std/quartus/libraries/megafunctions/altsyncram.tdf Line: 792
Info (11170): Starting IP generation for the debug fabric: alt_sld_fab.
Info (11172): 2026.09.08.23:02:25 Progress: Loading sld355d25ab/alt_sld_fab_wrapper_hw.tcl
Info (11172): Alt_sld_fab.alt_sld_fab: SLD fabric agents which did not specify prefer_host were connected to JTAG
Info (11172): Alt_sld_fab: Generating "alt_sld_fab" for QUARTUS_SYNTH
Info (11172): Alt_sld_fab: "alt_sld_fab" instantiated alt_sld_fab "alt_sld_fab"
Info (11172): Presplit: "alt_sld_fab" instantiated altera_super_splitter "presplit"
Info (11172): Splitter: "alt_sld_fab" instantiated altera_sld_splitter "splitter"
Info (11172): Sldfabric: "alt_sld_fab" instantiated altera_sld_jtag_hub "sldfabric"
Info (11172): Ident: "alt_sld_fab" instantiated altera_connection_identification_hub "ident"
Info (11172): Alt_sld_fab: Done "alt_sld_fab" with 6 modules, 6 files
Info (11171): Finished IP generation for the debug fabric: alt_sld_fab.
Info (12021): Found 1 design units, including 1 entities, in source file db/ip/sld355d25ab/alt_sld_fab.v
    Info (12023): Found entity 1: alt_sld_fab File: /home/rajinthan/Workspace/Git/System_Bus_Design/System_Bus_Final/db/ip/sld355d25ab/alt_sld_fab.v Line: 9
Info (12021): Found 1 design units, including 1 entities, in source file db/ip/sld355d25ab/submodules/alt_sld_fab_alt_sld_fab.v
    Info (12023): Found entity 1: alt_sld_fab_alt_sld_fab File: /home/rajinthan/Workspace/Git/System_Bus_Design/System_Bus_Final/db/ip/sld355d25ab/submodules/alt_sld_fab_alt_sld_fab.v Line: 9
Info (12021): Found 1 design units, including 1 entities, in source file db/ip/sld355d25ab/submodules/alt_sld_fab_alt_sld_fab_ident.sv
    Info (12023): Found entity 1: alt_sld_fab_alt_sld_fab_ident File: /home/rajinthan/Workspace/Git/System_Bus_Design/System_Bus_Final/db/ip/sld355d25ab/submodules/alt_sld_fab_alt_sld_fab_ident.sv Line: 33
Info (12021): Found 1 design units, including 1 entities, in source file db/ip/sld355d25ab/submodules/alt_sld_fab_alt_sld_fab_presplit.sv
    Info (12023): Found entity 1: alt_sld_fab_alt_sld_fab_presplit File: /home/rajinthan/Workspace/Git/System_Bus_Design/System_Bus_Final/db/ip/sld355d25ab/submodules/alt_sld_fab_alt_sld_fab_presplit.sv Line: 3
Info (12021): Found 2 design units, including 1 entities, in source file db/ip/sld355d25ab/submodules/alt_sld_fab_alt_sld_fab_sldfabric.vhd
    Info (12022): Found design unit 1: alt_sld_fab_alt_sld_fab_sldfabric-rtl File: /home/rajinthan/Workspace/Git/System_Bus_Design/System_Bus_Final/db/ip/sld355d25ab/submodules/alt_sld_fab_alt_sld_fab_sldfabric.vhd Line: 102
    Info (12023): Found entity 1: alt_sld_fab_alt_sld_fab_sldfabric File: /home/rajinthan/Workspace/Git/System_Bus_Design/System_Bus_Final/db/ip/sld355d25ab/submodules/alt_sld_fab_alt_sld_fab_sldfabric.vhd Line: 11
Info (12021): Found 1 design units, including 1 entities, in source file db/ip/sld355d25ab/submodules/alt_sld_fab_alt_sld_fab_splitter.sv
    Info (12023): Found entity 1: alt_sld_fab_alt_sld_fab_splitter File: /home/rajinthan/Workspace/Git/System_Bus_Design/System_Bus_Final/db/ip/sld355d25ab/submodules/alt_sld_fab_alt_sld_fab_splitter.sv Line: 3
Warning (12241): 1 hierarchies have connectivity warnings - see the Connectivity Checks report folder
Info (13000): Registers with preset signals will power-up high File: /home/rajinthan/Workspace/Git/System_Bus_Design/System_Bus_Final/uart_tx.v Line: 16
Info (13003): DEV_CLRn pin will set, and not reset, register with preset signal due to NOT Gate Push-Back
Info (286031): Timing-Driven Synthesis is running on partition "Top"
Info (17049): 11 registers lost all their fanouts during netlist optimizations.
Info (16010): Generating hard_block partition "hard_block:auto_generated_inst"
    Info (16011): Adding 0 node(s), including 0 DDIO, 0 PLL, 0 transceiver and 0 LCELL
Info (21057): Implemented 1155 device resources after synthesis - the final resource count might be different
    Info (21058): Implemented 6 input pins
    Info (21059): Implemented 10 output pins
    Info (21061): Implemented 1114 logic cells
    Info (21064): Implemented 24 RAM segments
Info: Quartus Prime Analysis & Synthesis was successful. 0 errors, 4 warnings
    Info: Peak virtual memory: 507 megabytes
    Info: Processing ended: Tue Sep  8 23:02:36 2026
    Info: Elapsed time: 00:00:19
    Info: Total CPU time (on all processors): 00:00:34


